region_short,region,diameter_method,formula,n,mean_bias_ml,loa_lower_ml,loa_upper_ml,median_ratio,iqr_ratio_low,iqr_ratio_high,spearman_r,spearman_p,icc_2_1,bias_ci95_low,bias_ci95_high,median_ratio_ci95_low,median_ratio_ci95_high,icc_2_1_ci95_low,icc_2_1_ci95_high
ET,enhancing_tumor,aabb,abc_over_2,58,26.781439655172417,-13.475104500430799,67.03798381077563,2.2719632090184567,1.7621526454137844,2.926712648140216,0.8469299868655865,5.4036941144341414e-17,0.41081517539684054,21.52978642241379,31.767918750000003,2.005246943089749,2.7474703276267567,0.2973438644232127,0.52923611934608
ET,enhancing_tumor,aabb,pi_over_6,58,29.001121364802653,-13.780251745660625,71.78249447526593,2.3791943088928917,1.8453219351119214,3.064846318188543,0.8469299868655865,5.4036941144341414e-17,0.3869563903966732,23.402083104333098,34.34249746316555,2.099889688348048,2.877144199076054,0.27859074418799507,0.4999080415111284
ET,enhancing_tumor,pca,abc_over_2,58,26.496933677512487,-13.132100101353203,66.12596745637818,2.2228473577824577,1.705149224055334,3.4641163582594925,0.8256482820142116,1.532126976950989e-15,0.41955542003115304,21.301372626800575,31.202824922441113,1.9790134100431542,2.476738978161451,0.3103453520251482,0.5389503080739413
ET,enhancing_tumor,pca,pi_over_6,58,28.70318740169638,-13.450402998296031,70.85677780168879,2.327760309753617,1.7856280918555243,3.6276141674294164,0.8256482820142116,1.532126976950989e-15,0.39524228791938915,23.14155871120884,33.59777394107197,2.0724179967824194,2.593634992883835,0.29164024424381296,0.5098958202353788
ET,enhancing_tumor,radiologist,abc_over_2,58,18.88112931034483,-10.340729343558294,48.10298796424795,1.7015748945098734,1.4906835104487977,2.8053803247173166,0.8904918637915655,8.37407428746087e-21,0.5660518135548414,15.004453448275862,22.56381637931035,1.5532167692384153,2.140711689305529,0.44957974348459073,0.6726020048146272
ET,enhancing_tumor,radiologist,pi_over_6,58,20.727935718006062,-10.60977200915239,52.06564344516451,1.7818850627083482,1.561040121751129,2.9377874062190896,0.8904918637915655,8.37407428746087e-21,0.5356330896977631,16.597680802517587,24.682236471916717,1.6265247972239592,2.2417480388586815,0.423485598127541,0.6424193564525221
TC,tumor_core,aabb,abc_over_2,60,17.52935833333333,-14.966981853294119,50.025698519960784,1.4161714593472112,1.1970035050997048,1.7641237165876376,0.9110308419005281,5.5215176186826745e-24,0.7704498478893874,13.536402916666667,22.077253541666664,1.28465885112107,1.5284487921740866,0.6312609328640088,0.8610198247251638
TC,tumor_core,aabb,pi_over_6,60,20.185914586916983,-14.822407893817488,55.19423706765146,1.483011284302912,1.253499139314155,1.8473860360184147,0.9110308419005281,5.5215176186826745e-24,0.7378713316982141,15.82518126886341,24.995246753427743,1.345291603017019,1.600587832294101,0.5967586863230532,0.8322705072332868
TC,tumor_core,pca,abc_over_2,60,16.88490122877764,-11.294943683698978,45.06474614125426,1.3641001348268933,1.2241860916717224,1.6845344601458434,0.9282022784106699,1.4002005897852505e-26,0.8032617497435182,13.487838356863922,20.79097356150754,1.317192040574139,1.4441741321990178,0.6920893560685343,0.8725410381650652
TC,tumor_core,pca,pi_over_6,60,19.51104068517501,-11.29287803715522,50.31495940750524,1.4284823207776713,1.2819646774075613,1.7640403615710099,0.9282022784106699,1.4002005897852505e-26,0.7700398020668339,15.799908409668928,23.82837553983285,1.3793602793448878,1.5123356147402829,0.6554936425234613,0.8433832390855707
TC,tumor_core,radiologist,abc_over_2,60,9.994575000000001,-9.795733679920748,29.78488367992075,1.2512665917973707,1.1099995192960064,1.3906746214401218,0.9531536537927204,8.306481466662789e-32,0.8969878597675557,7.494447499999997,12.616894166666663,1.16845977529339,1.344448757909062,0.8304612014707605,0.940468197134236
TC,tumor_core,radiologist,pi_over_6,60,12.29550793145338,-9.148762102935864,33.73977796584263,1.3103233108243193,1.1623887784361786,1.456311058083351,0.9531536537927204,8.306481466662789e-32,0.871585460918446,9.56617719300072,15.175817481193468,1.2236082153589647,1.407903446991677,0.797930517719243,0.9221484443297179
WT,whole_tumor,aabb,abc_over_2,60,83.02364166666666,-66.07605582019647,232.1233391535298,1.6306204671153162,1.4275227590249375,2.1607041915243523,0.7703806612948043,6.165932214264309e-13,0.3225869256269546,65.94564895833334,103.85781270833333,1.5412610788733387,1.891663886275302,0.18856456778276615,0.5211678900474559
WT,whole_tumor,aabb,pi_over_6,60,91.45797110557396,-65.72040027869986,248.63634248984778,1.7075817600942114,1.4948983375283251,2.2626841382245253,0.7703806612948043,6.165932214264309e-13,0.29933414205673525,73.31657365676189,113.16468848414573,1.6140048275507866,1.9809457893945353,0.17602733813620572,0.4819443992859463
WT,whole_tumor,pca,abc_over_2,60,82.28482913853148,-103.1392558522704,267.7089141293334,1.6904568615433773,1.3746143155359043,2.0913597497708007,0.7878299527646571,8.107739616013454e-14,0.2812986397442706,63.3710984905569,108.10688973410305,1.5353350803626804,1.7803221074280031,0.1467319409848637,0.5396799011206531
WT,whole_tumor,pca,pi_over_6,60,90.68428843531746,-104.37971333661721,285.7482902072521,1.77024228581171,1.439492745068986,2.1900668086311113,0.7878299527646571,8.107739616013454e-14,0.2621556642564873,70.82476657486903,117.91969180510314,1.60779913642203,1.864348951239771,0.13700835930205538,0.5003499946727137
WT,whole_tumor,radiologist,abc_over_2,60,51.31105833333335,-21.215911449327393,123.83802811599409,1.4305629610968897,1.271919996567072,1.7777146601270704,0.8394554042789665,5.365821725665022e-17,0.5752025556043036,42.12959104166667,61.41382541666666,1.3568564529587,1.5806773502442848,0.4489223679848204,0.6803735669274539
WT,whole_tumor,radiologist,pi_over_6,60,58.248631496789265,-19.08214351683744,135.57940651041596,1.498082029693217,1.3319515057230227,1.8616184388113597,0.8394554042789665,5.365821725665022e-17,0.5340178776833775,48.64997920464883,68.68386000258103,1.420896754863652,1.6552814504077418,0.4120385064293861,0.6384747966032943
