subject_id,source,voxel_volume_ml,mesh_volume_ml,mesh_voxel_rel_error,sphericity,n_voxels,aabb_a_mm,aabb_b_mm,aabb_c_mm,ellipsoid_aabb_abc_over_2_ml,ellipsoid_aabb_pi_over_6_ml,pca_a_mm,pca_b_mm,pca_c_mm,ellipsoid_pca_abc_over_2_ml,ellipsoid_pca_pi_over_6_ml,radiologist_a_mm,radiologist_b_mm,radiologist_c_mm,ellipsoid_radiologist_abc_over_2_ml,ellipsoid_radiologist_pi_over_6_ml,region,region_short
BraTS20_Training_313,gt,0.9570000000000001,0.8975416666666667,0.062129919888540636,0.4780324811547212,957,46.0,46.0,36.0,38.088,39.88566032997601,48.649621954012986,42.1660518838457,39.129115286790494,40.133999554807076,42.028226053519305,46.0,36.138621999185304,12.147668497429066,10.097000000000008,10.573553674432054,enhancing_tumor,ET
BraTS20_Training_313,gt,83.612,83.56370833333332,0.0005775686105663191,0.6953283744046233,83612,76.0,63.0,47.0,112.518,117.82857406553877,76.90288132932366,57.510373732837316,53.2637732793313,117.78520314375552,123.34437629933458,79.37883848986453,63.0,45.578898215573716,113.96700000000003,119.34596331722265,tumor_core,TC
BraTS20_Training_313,gt,171.03300000000002,170.96308333333334,0.00040879050631557233,0.6900528619188128,171033,97.0,74.0,71.0,254.819,266.8458327983658,97.51569769727948,73.4206855031306,70.859468718181,253.66518395774486,265.6375594643849,97.62171889492625,74.0,54.670211305584616,197.46900000000002,206.78905323724095,whole_tumor,WT
BraTS20_Training_161,gt,12.114,12.123916666666666,0.0008186120741840402,0.296359605717409,12114,46.0,34.0,33.0,25.806,27.023980006179396,48.21278289659069,37.538808936857976,29.46685892524276,26.66530387621628,27.923840921086835,47.80167361086848,34.0,31.735290532904813,25.789,27.006177647809057,enhancing_tumor,ET
BraTS20_Training_161,gt,19.701,19.653958333333332,0.002387780654112413,0.6820730161343873,19701,47.0,34.0,33.0,26.367,27.611457832400692,48.44038509945264,37.622001909804844,29.449782376185276,26.834998937690603,28.1015451739129,48.38388161361178,34.0,30.340682703452416,24.956,26.133862087662294,tumor_core,TC
BraTS20_Training_161,gt,53.787,53.717333333333336,0.0012952324291494784,0.5982640763637131,53787,64.0,51.0,51.0,83.232,87.16034658119521,64.02120328968087,53.14432546233408,47.505842046880446,80.81607540679506,84.63039626331538,63.12685640834652,51.0,42.628449333716546,68.62049999999998,71.85921956188612,whole_tumor,WT
BraTS20_Training_078,gt,4.321,4.3,0.004859986114325366,0.2870062048340334,4321,41.0,28.0,21.0,12.054,12.622919282123787,39.419428953896684,26.827639845484892,21.562008303876297,11.401237939395301,11.939348450744502,41.593268686170845,28.0,21.061100213344304,12.263999999999996,12.84283076787507,enhancing_tumor,ET
BraTS20_Training_078,gt,7.174,7.139875,0.004756760524114915,0.6376422436823903,7174,41.0,30.0,21.0,12.915,13.524556373704055,39.383600011392524,27.460794263848463,21.71953627811735,11.744892860135687,12.299223042200493,41.593268686170845,30.0,22.383429564638774,13.965000000000009,14.624113802460496,tumor_core,TC
BraTS20_Training_078,gt,39.411,39.39429166666667,0.0004239510119848207,0.30528051037193227,39411,101.0,53.0,46.0,123.119,128.92991530577387,98.87101719035252,56.44735480477683,41.11837343208427,114.74097293814526,120.1564658827408,100.60318086422517,53.0,33.21962557536217,88.56300000000002,92.7429567266243,whole_tumor,WT
BraTS20_Training_146,gt,23.187,23.232875,0.001978479320308741,0.2801333981265167,23187,47.0,43.0,41.0,41.4305,43.385918144850635,50.02818749402567,46.55009003428802,33.64037677870403,39.171134476163765,41.01991610103132,49.24428900898052,41.0,35.02944269710984,35.36249999999998,37.03152340418967,enhancing_tumor,ET
BraTS20_Training_146,gt,33.617,33.56970833333334,0.0014067783165261382,0.6902030572171125,33617,47.0,43.0,41.0,41.4305,43.385918144850635,49.83157573295298,46.008712713571846,33.337075876051394,38.21573443823425,40.019423520898386,49.24428900898052,41.0,35.02944269710984,35.36249999999998,37.03152340418967,tumor_core,TC
BraTS20_Training_146,gt,100.886,100.82258333333333,0.0006285972946362099,0.4885175803883221,100886,93.0,66.0,59.0,181.071,189.6171077927191,92.84044847483953,71.56522926722712,52.00567809744842,172.76671054957316,180.9208762158044,93.90420650854784,59.0,51.53123784246576,142.7505,149.4879740320899,whole_tumor,WT
BraTS20_Training_327,gt,16.868000000000002,16.790958333333332,0.004567326693542197,0.3129940346281905,16868,51.0,51.0,45.0,58.5225,61.28461868990289,54.179544811060246,50.064526180464796,48.42432218941046,65.67483904321624,68.77453062128676,54.56189146281496,45.0,39.95462660024742,49.04999999999999,51.3650398861931,enhancing_tumor,ET
BraTS20_Training_327,gt,151.492,151.39708333333334,0.0006265457361883701,0.6174191104720135,151492,83.0,70.0,67.0,194.635,203.8212953771498,85.75969248808418,69.32593737949932,66.23226181020509,196.88768667042237,206.1803033420293,82.56512580987206,67.0,53.24281840401899,147.26599999999996,154.21659457451813,tumor_core,TC
BraTS20_Training_327,gt,183.84300000000002,183.75520833333334,0.0004775360860444777,0.7352659801763907,183843,101.0,70.0,69.0,243.915,255.4271907001181,98.90998531196178,74.88318601330329,66.6618437035289,246.87196651489194,258.5237187934833,100.84145972763385,69.0,63.287461498845445,220.17900000000003,230.57090962491569,whole_tumor,WT
BraTS20_Training_154,gt,32.363,32.382958333333335,0.0006167022010732959,0.2577984031149167,32363,62.0,50.0,40.0,62.0,64.92624817418906,62.887785382904255,51.26590880765143,40.08393714482169,64.61529606633499,67.66497981050917,62.80127387243033,50.0,38.183938830144,59.95000000000001,62.77949319423603,enhancing_tumor,ET
BraTS20_Training_154,gt,62.211,62.164875,0.0007414283647585864,0.7901077367817576,62211,62.0,50.0,40.0,62.0,64.92624817418906,63.03358063073941,51.36570027141791,40.01550474664006,64.78038054958174,67.8378558771057,62.80127387243033,50.0,38.183938830144,59.95000000000001,62.77949319423603,tumor_core,TC
BraTS20_Training_154,gt,94.086,93.983375,0.0010907573921731533,0.6096077152850649,94086,90.0,59.0,53.0,140.715,147.35640341662923,92.16625046245909,60.581534050521086,50.92044309931258,142.15900156287387,148.8685583171948,91.41115905621152,59.0,49.64382955924938,133.871,140.18938337623973,whole_tumor,WT
BraTS20_Training_038,gt,26.254,26.325541666666666,0.0027249815901068345,0.1880005487549146,26254,84.0,61.0,46.0,117.852,123.41432580362144,89.30105570769527,47.765874402116424,44.60038605327301,95.12243250671716,99.61197838489782,61.0,58.52349955359813,39.81306684960105,71.06499999999998,74.4190939757862,enhancing_tumor,ET
BraTS20_Training_038,gt,37.230000000000004,37.20520833333334,0.0006659056316590232,0.3877352017035003,37230,84.0,61.0,46.0,117.852,123.41432580362144,89.19945873717205,46.112034411039915,42.74253152489407,87.9036173686379,92.0524528497603,61.0,58.52349955359813,39.81306684960105,71.06499999999998,74.4190939757862,tumor_core,TC
BraTS20_Training_038,gt,100.879,101.00516666666667,0.0012506732488095913,0.3857601241794258,100879,92.0,87.0,53.0,212.106,222.11688379410552,104.72063901507713,76.7711723128811,52.28147060096937,210.15912692476306,220.0781230772268,87.0,83.2946576918352,45.62117313764395,165.3,173.10175521279757,whole_tumor,WT
BraTS20_Training_169,gt,26.241,26.22566666666667,0.0005843273249240028,0.40529354098132264,26241,60.0,39.0,37.0,43.29,45.33318199130071,60.683570167042845,39.76574468847561,36.97770241363842,44.61595266605091,46.721716376191814,60.8276253029822,39.0,34.68818632143038,41.144999999999996,43.086943243983995,enhancing_tumor,ET
BraTS20_Training_169,gt,36.146,36.091625,0.0015043158302440183,0.7384166955056863,36146,60.0,39.0,37.0,43.29,45.33318199130071,60.46495049227319,37.13617199092911,36.84393761794918,41.36536670877848,43.31771072178209,60.8276253029822,39.0,34.68818632143038,41.144999999999996,43.086943243983995,tumor_core,TC
BraTS20_Training_169,gt,55.781,55.715125,0.0011809576737598529,0.7218149008625044,55781,60.0,52.0,44.0,68.64,71.87963991413446,62.6230082396364,52.90846640032058,46.46569606430472,76.97710096280245,80.61023162645998,61.0,45.34426229508199,44.0,60.85200000000003,63.72406538541539,whole_tumor,WT
BraTS20_Training_285,gt,7.613,7.526541666666667,0.011356670607294594,0.3768058828516828,7613,47.0,45.0,39.0,41.2425,43.18904500522567,54.9882359192672,46.069794401396805,36.49220258682797,46.22278861953516,48.40439105185518,47.0,36.49657518178932,25.481843032330403,21.855000000000018,22.88650248140166,enhancing_tumor,ET
BraTS20_Training_285,gt,82.169,82.1195,0.000602416969903428,0.7513433882744959,82169,69.0,55.0,53.0,100.5675,105.31403972996382,72.4914833853,59.816922836372,51.4795483512501,111.61325840150144,116.88113087912538,69.06518659932803,53.0,50.821552403279114,93.01499999999999,97.40508022455154,tumor_core,TC
BraTS20_Training_285,gt,113.289,113.164875,0.0010956491804147489,0.6936116383011324,113289,90.0,64.0,64.0,184.32,193.01945263655688,90.08517592826061,70.52054414978512,60.703074095833095,192.81893290140792,201.9195143586954,89.94442728707543,64.0,57.001863869077354,164.064,171.8074190395186,whole_tumor,WT
BraTS20_Training_058,gt,6.708,6.532833333333333,0.026113098787517528,0.28585809901874903,6708,52.0,48.0,33.0,41.184,43.127783948480676,49.73091045420404,44.987342401865874,29.197036566163135,32.6607028615628,34.20220805698827,53.36665625650534,44.147416481856254,33.0,38.87400000000002,40.70875760521655,enhancing_tumor,ET
BraTS20_Training_058,gt,17.19,17.125375,0.0037594531704481116,0.4498473779359715,17190,52.0,48.0,33.0,41.184,43.127783948480676,54.02961915027556,47.55028999909207,31.840420257018906,40.90099486765588,42.83142166691385,53.36665625650534,44.147416481856254,33.0,38.87400000000002,40.70875760521655,tumor_core,TC
BraTS20_Training_058,gt,91.646,91.69116666666667,0.0004928383853815104,0.2640168153545688,91646,99.0,69.0,66.0,225.423,236.06241358339062,99.50129487833166,74.44695972289244,57.35388497845089,212.42642710610164,222.45243427495222,98.00510190801293,66.0,53.87474628571661,174.23999999999992,182.4637013204951,whole_tumor,WT
BraTS20_Training_106,gt,41.96,42.06570833333333,0.002519264378773413,0.270452891865647,41960,94.0,54.0,46.0,116.748,122.25821970710038,95.64874252767996,54.75593924990646,36.86101662421427,96.52677823095775,101.082605788356,95.80187889597991,54.0,34.644414475458404,89.61299999999999,93.84251415538068,enhancing_tumor,ET
BraTS20_Training_106,gt,57.728,57.64175,0.0014940756651884652,0.5861206356908913,57728,94.0,54.0,46.0,116.748,122.25821970710038,95.6319282317101,54.82920979022907,36.81744525822897,96.52472065875924,101.0804511037883,95.80187889597991,54.0,34.644414475458404,89.61299999999999,93.84251415538068,tumor_core,TC
BraTS20_Training_106,gt,108.35900000000001,108.171625,0.0017292056958813106,0.4302979606673572,108359,161.0,96.0,85.0,656.88,687.8831274300211,152.35038680686472,111.3591521684038,97.26825599819622,825.1076438163808,864.0507040781084,127.1416532848303,96.0,38.72845658982399,236.35200000000015,247.5072356204184,whole_tumor,WT
BraTS20_Training_363,gt,46.541000000000004,46.51283333333333,0.0006052011488079519,0.3247671719684867,46541,74.0,51.0,48.0,90.576,94.85096539718303,73.3935566557808,56.569406727445696,43.97469535330461,91.28772877285462,95.59628602523253,68.3593446428504,51.0,41.0185325012952,71.50199999999997,74.8767193056591,enhancing_tumor,ET
BraTS20_Training_363,gt,70.428,70.36720833333332,0.0008631746843112669,0.7283493630516988,70428,74.0,51.0,48.0,90.576,94.85096539718303,72.12273470776535,56.92270741173628,43.92594876792954,90.16726340743593,94.4229374383655,68.3593446428504,51.0,41.0185325012952,71.50199999999997,74.8767193056591,tumor_core,TC
BraTS20_Training_363,gt,120.394,120.30075,0.0007745402594814677,0.6164343163948196,120394,92.0,66.0,62.0,188.232,197.11608945683798,94.00358138695881,78.44622592773412,53.62411976199138,197.71819400794163,207.05000859213027,85.0,66.0,55.71764705882353,156.288,163.66441088141386,whole_tumor,WT
BraTS20_Training_360,gt,43.764,43.78525,0.0004855589068639723,0.40349265246135285,43764,57.0,52.0,41.0,60.762,63.62981760580767,58.49976124709404,53.07744193847495,39.5134692838496,61.34501038214555,64.24034465031268,58.89821729050889,52.02194804788678,41.0,62.812000000000005,65.7765725857607,enhancing_tumor,ET
BraTS20_Training_360,gt,56.523,56.467416666666665,0.0009833754990594662,0.8007101604402568,56523,57.0,52.0,41.0,60.762,63.62981760580767,58.96694691982471,53.540756998983454,39.25274951105139,61.96311419287708,64.88762144729603,58.89821729050889,52.02194804788678,41.0,62.812000000000005,65.7765725857607,tumor_core,TC
BraTS20_Training_360,gt,98.512,98.43504166666668,0.0007812077039682782,0.7076326376414623,98512,83.0,62.0,50.0,128.65,134.72196496144227,85.16319171494159,62.17622092680012,50.112695127918414,132.67650299092992,138.93850903342985,82.49242389456137,60.75709457157113,50.0,125.29999999999997,131.21385316493365,whole_tumor,WT
BraTS20_Training_366,gt,19.747,19.724666666666668,0.0011309734812038389,0.44228420862780976,19747,65.0,37.0,32.0,38.48,40.29616177004508,67.38971820735503,35.78238023872093,27.793257434654745,33.509837451526785,35.09141972023489,66.76076692189807,37.0,27.41130883263935,33.85500000000003,35.45287309576084,enhancing_tumor,ET
BraTS20_Training_366,gt,23.663,23.61179166666667,0.0021640676724562196,0.6587812843419258,23663,65.0,37.0,32.0,38.48,40.29616177004508,67.34428745028285,35.747417143721236,27.41887900031241,33.00388990434065,34.56159268778764,66.76076692189807,37.0,27.41130883263935,33.85500000000003,35.45287309576084,tumor_core,TC
BraTS20_Training_366,gt,46.230000000000004,46.16554166666666,0.0013942966327783147,0.633558195418241,46230,75.0,46.0,43.0,74.175,77.67587836000763,76.60512355973476,45.26229926015042,35.946412251217,62.318929449121896,65.26023031231398,77.88452991448301,43.0,36.554114188350354,61.210500000000025,64.09948570751936,whole_tumor,WT
BraTS20_Training_236,gt,47.182,47.31004166666666,0.002713782092040631,0.24876361492220433,47182,70.0,59.0,48.0,99.12,103.79822127460675,73.59718461184855,56.418953606800805,41.272332544623744,85.68706092041046,89.7312803650875,70.0,55.71355310873648,30.800405004700963,60.06,62.89468492486765,enhancing_tumor,ET
BraTS20_Training_236,gt,57.508,57.509125,1.956249565268682e-05,0.42320430489577754,57508,70.0,59.0,48.0,99.12,103.79822127460675,74.31397254411303,57.794861486584765,44.639721010864534,95.86303640902214,100.38753697779826,70.0,55.71355310873648,30.87220082056274,60.2,63.041292582035176,tumor_core,TC
BraTS20_Training_236,gt,169.918,170.171375,0.0014911604420956312,0.43823423945146733,169918,93.0,88.0,64.0,261.888,274.2484722877746,104.46683495731762,93.6811735322994,58.39339443509836,285.73568733453556,299.22171206620226,93.0,87.5956619930462,51.54364836421264,209.94749999999996,219.85650787984767,whole_tumor,WT
BraTS20_Training_043,gt,2.624,2.4342916666666663,0.07229738313008148,0.1941365699837153,2624,43.0,39.0,25.0,20.9625,21.95187866695868,46.234518322619174,37.19850087624198,25.560717346688627,21.98036083096364,23.017780036602737,46.61544808322666,25.0,21.001621570860053,12.237499999999999,12.815080032768362,enhancing_tumor,ET
BraTS20_Training_043,gt,7.706,7.650708333333333,0.007175144908729196,0.5449532499029651,7706,43.0,39.0,26.0,21.801,22.82995381363703,46.97982120267614,37.57182956888825,26.021426802971448,22.965442276289565,24.049354913877256,46.61544808322666,26.0,25.656730744380624,15.548000000000004,16.281827526004705,tumor_core,TC
BraTS20_Training_043,gt,37.429,37.339125,0.002401212963210325,0.2959723553332398,37429,76.0,65.0,55.0,135.85,142.26178733005779,73.95390012240753,63.30304042954501,50.2458302104675,117.61309612657561,123.16414625240004,76.48529270389177,55.0,53.81426748191771,113.19000000000001,118.53229081994292,whole_tumor,WT
BraTS20_Training_022,gt,18.221,18.30616666666667,0.004674093994109517,0.2504582073707182,18221,50.0,46.0,44.0,50.6,52.98819609054784,50.87849690647086,38.96211099076885,37.31310802271575,36.983514688739724,38.72904601669164,49.25444142409901,44.1787570234293,44.0,47.87200000000002,50.13144117088355,enhancing_tumor,ET
BraTS20_Training_022,gt,30.637,30.58445833333333,0.0017149742685860247,0.679254970755695,30637,50.0,48.0,46.0,55.2,57.805304826052186,52.616304690911534,41.60614638676684,38.879343045719764,42.55658387828104,44.56515042462851,49.36598018878993,48.0,44.28150705486037,52.46399999999997,54.94017232597827,tumor_core,TC
BraTS20_Training_022,gt,68.118,68.02825,0.0013175665756480683,0.590486500441875,68118,76.0,65.0,64.0,158.08,165.54098889315816,77.13653733541662,59.29031428733097,52.67617501585352,120.4559142411519,126.14113842048164,76.0,62.289646009589745,58.82197499462289,139.23199999999997,145.80340944820466,whole_tumor,WT
BraTS20_Training_096,gt,21.102,21.1615,0.002819637949009567,0.2514317735949868,21102,54.0,46.0,44.0,54.648,57.227251777791665,60.73249273711076,52.45827191618898,34.26903474256629,54.58922930976044,57.16570725489067,56.08029957123981,46.0,32.54262216773057,41.974999999999994,43.956117211477185,enhancing_tumor,ET
BraTS20_Training_096,gt,30.365000000000002,30.293333333333333,0.002360173445304429,0.6468655645174268,30365,54.0,46.0,45.0,55.89,58.52787113637784,60.47673961308564,52.10834169369246,34.34578687520934,54.117670866052286,56.6718924073934,56.08029957123981,46.0,32.54262216773057,41.974999999999994,43.956117211477185,tumor_core,TC
BraTS20_Training_096,gt,65.993,65.916875,0.0011535314351520684,0.5512346424930503,65993,70.0,60.0,57.0,119.7,125.34954687823274,68.82687810509672,62.19658023124918,47.96772863080491,102.6700411258403,107.51581564823393,67.1863081289633,60.0,49.68274181091702,100.13999999999999,104.86636277682726,whole_tumor,WT
BraTS20_Training_147,gt,19.677,19.211,0.02368247192153281,0.1670077319796499,19677,59.0,56.0,54.0,89.208,93.41839914714608,70.57459784848913,53.3435241910239,50.09659525030186,94.2992701516528,98.74996478243723,59.413803110051795,59.0,42.044102030852514,73.691,77.16903474522847,enhancing_tumor,ET
BraTS20_Training_147,gt,65.516,65.390625,0.0019136546797729613,0.6204613460253511,65516,59.0,59.0,57.0,99.2085,103.89089825788766,71.21950320144282,51.69596060905028,50.20871954559385,92.42824350550637,96.79063026036908,62.68173577685928,59.0,50.15815150991233,92.74799999999999,97.12547847838202,tumor_core,TC
BraTS20_Training_147,gt,139.257,139.18366666666665,0.0005266042879952311,0.6728924735719596,139257,79.0,75.0,59.0,174.7875,183.0370419797753,80.95633855145331,68.37036557453047,59.090314634179144,163.53287304215152,171.2512241898852,76.84399781375251,75.0,55.658218230215,160.38750000000002,167.95739724254437,whole_tumor,WT
BraTS20_Training_002,gt,6.549,6.549083333333333,1.2724588995655366e-05,0.2578221281908083,6549,35.0,34.0,31.0,18.445,19.31555883182124,38.197451901758484,32.351046734954785,26.656058029619462,16.469812662524113,17.247147488861966,34.713109915419565,34.0,25.293037764098244,14.926000000000004,15.630470649160419,enhancing_tumor,ET
BraTS20_Training_002,gt,15.709,15.672833333333333,0.00230228955800283,0.7939467875755115,15709,35.0,34.0,31.0,18.445,19.31555883182124,38.34611453325035,32.405887596492704,27.304916665528157,16.96508914783447,17.76579981144423,34.713109915419565,34.0,25.293037764098244,14.926000000000004,15.630470649160419,tumor_core,TC
BraTS20_Training_002,gt,67.008,66.88791666666667,0.001792074578159719,0.4350630892469735,67008,89.0,60.0,54.0,144.18,150.9849429315254,92.06965715679297,62.44553793612478,53.61727423996682,154.1319501356034,161.40660074315997,85.44003745317531,54.0,45.48218980041635,104.92200000000003,109.87406146664945,whole_tumor,WT
BraTS20_Training_297,gt,24.514,24.46095833333333,0.002163729569497792,0.5273481873167583,24514,45.0,44.0,43.0,42.57,44.579199754439166,53.07794218840806,48.30013622926687,37.00017568584111,47.428154212102946,49.66664694868881,47.92702786528704,44.0,26.269102343228724,27.698000000000004,29.00527777304336,tumor_core,TC
BraTS20_Training_297,gt,74.866,74.74808333333333,0.0015750362870551801,0.3208626770813718,74866,76.0,76.0,61.0,176.168,184.48269819920222,86.22126369213045,81.9785231391227,52.592848313858354,185.870800833141,194.6434474714158,76.0,75.92759709091287,55.26317387571038,159.448,166.97355514319509,whole_tumor,WT
BraTS20_Training_103,gt,37.271,37.500458333333334,0.006156484487492515,0.2683680372809166,37271,55.0,45.0,44.0,54.45,57.01990666265474,57.57694574468906,49.14476745947178,41.61972303101943,58.88370088031277,61.662867367256474,57.30619512757761,45.0,40.10037649304914,51.705000000000005,54.1453493846201,enhancing_tumor,ET
BraTS20_Training_103,gt,51.228,51.19375,0.0006685796829858693,0.6861352780376105,51228,55.0,45.0,44.0,54.45,57.01990666265474,57.6101978495813,48.97497064197489,42.03773150530499,59.30384163959385,62.10283774153349,57.30619512757761,45.0,40.10037649304914,51.705000000000005,54.1453493846201,tumor_core,TC
BraTS20_Training_103,gt,58.208,58.158166666666666,0.0008561251603444899,0.5808801644811858,58208,94.0,67.0,58.0,182.642,191.262255145649,91.58798494976635,66.86829678696502,63.158526992563,193.40191164291915,202.53000826920567,95.03683496413377,58.0,48.12870716629186,132.64600000000007,138.90656637602396,whole_tumor,WT
BraTS20_Training_292,gt,3.815,3.6755833333333334,0.036544342507645225,0.32654599317880767,3815,63.0,46.0,32.0,46.368,48.556456053883835,63.250012183203765,44.575209860861136,35.78706749915932,50.44871711144567,52.829773020115795,61.98386886924694,32.782722941777656,32.0,32.51199999999999,34.04648678450377,enhancing_tumor,ET
BraTS20_Training_292,gt,53.829,53.747375,0.001516375931189554,0.5660257907346558,53829,67.0,52.0,45.0,78.39,82.08981603830131,68.16976348077921,50.69783344487262,40.824535225126084,70.54600762113844,73.87560642755268,67.26812023536856,46.797799447721594,45.0,70.83000000000001,74.17300255125502,tumor_core,TC
BraTS20_Training_292,gt,77.02,76.95625,0.0008277070890677599,0.5631460641300993,77020,77.0,58.0,53.0,118.349,123.93478298656615,79.17051962853624,57.50620593475263,45.963485453054346,104.63119108616567,109.56952708421595,75.16648189186454,58.0,49.0245107560214,106.86500000000002,111.90876630862442,whole_tumor,WT
BraTS20_Training_131,gt,8.219,8.170625,0.0058857525246380415,0.4240855910812221,8219,48.0,31.0,31.0,23.064,24.15256432079833,50.23051397279327,31.750442012062134,21.442347968922505,17.098568065082528,17.90557860672277,48.0,27.459060435491963,18.354597426376586,12.095999999999998,12.666901579274045,enhancing_tumor,ET
BraTS20_Training_131,gt,9.325000000000001,9.25375,0.007640750670241385,0.4827701669245977,9325,48.0,31.0,31.0,23.064,24.15256432079833,50.22346420314849,31.93250742912658,22.00891622318305,17.64852232776377,18.481489363872697,48.0,27.80287754891569,18.954872533348777,12.648000000000033,13.2449546275346,tumor_core,TC
BraTS20_Training_131,gt,63.061,63.016375,0.0007076481502038259,0.5511221897892011,63061,62.0,60.0,46.0,85.56,89.5982224803809,63.96361668491348,63.0045676038353,42.05821452934479,84.7473025207869,88.7471676702853,65.19202405202648,60.0,39.57539342452432,77.40000000000002,81.05309046261668,whole_tumor,WT
BraTS20_Training_051,gt,13.105,13.15125,0.0035291873330788853,0.3160888052454601,13105,46.0,36.0,33.0,27.324,28.613625888895832,46.207201958699805,38.81773061546683,32.67809525209487,29.306675220356826,30.689878524471673,45.70557952810576,33.0,26.47379187602104,19.964999999999996,20.907299109640068,enhancing_tumor,ET
BraTS20_Training_051,gt,17.554000000000002,17.497,0.0032471231628120175,0.6662147628331416,17554,46.0,36.0,33.0,27.324,28.613625888895832,46.1562646276989,38.76429232211041,32.67829280682341,29.234244762371468,30.614029526237367,45.70557952810576,33.0,26.47379187602104,19.964999999999996,20.907299109640068,tumor_core,TC
BraTS20_Training_051,gt,121.57000000000001,121.450625,0.0009819445586905084,0.3699141685373609,121570,90.0,85.0,60.0,229.5,240.33183799961915,96.9749368123255,79.31198888558123,58.7763743657478,226.03263262644109,236.7008193769293,85.16454661418682,85.0,53.59037512024659,193.9699999999999,203.12490900560397,whole_tumor,WT
BraTS20_Training_288,gt,18.283,18.24070833333333,0.002313168881839459,0.27184256898496806,18283,56.0,46.0,39.0,50.232,52.60282739170749,63.59295905022326,45.47779807697425,30.906299891627015,44.69155660661571,46.8008886376121,56.302753041036986,42.57340663702387,39.0,46.7415,48.94758433925576,enhancing_tumor,ET
BraTS20_Training_288,gt,37.156,37.1545,4.037033049844055e-05,0.4752348625497427,37156,56.0,48.0,41.0,55.104,57.70477386113732,63.60620995184095,52.0865764982215,39.03588767396727,64.6635280133859,67.7154881873503,56.302753041036986,43.92325182034211,41.0,50.6965,53.089250654238306,tumor_core,TC
BraTS20_Training_288,gt,77.001,77.24579166666668,0.003179071267472778,0.536341066968252,77001,77.0,55.0,48.0,101.64,106.4371591036222,77.78910631131328,49.82912351742061,49.12216463164494,95.20275818578946,99.69609523932057,78.26237921249263,55.0,47.136312965695566,101.4475,106.23557357501683,whole_tumor,WT
BraTS20_Training_291,gt,0.126,0.111375,0.11607142857142856,0.589000094386855,126,44.0,10.0,9.0,1.98,2.0734511513692633,44.34125699608899,10.766638341215767,4.974497102295212,1.1874280724479402,1.2434717696895792,44.40720662234904,10.0,5.269414984599223,1.1699999999999993,1.2252211349000186,enhancing_tumor,ET
BraTS20_Training_291,gt,57.282000000000004,57.18579166666667,0.001679556114195328,0.5400558174115766,57282,66.0,60.0,52.0,102.96,107.81945987120169,68.0664698376581,59.521271676747844,49.37691317974038,100.02288322450381,104.74371837632366,64.38167441127949,60.0,44.733226128946896,86.39999999999999,90.47786842338601,tumor_core,TC
BraTS20_Training_291,gt,218.263,218.15329166666666,0.0005026428360892336,0.6031163541819512,218263,100.0,90.0,79.0,355.5,372.2787294503905,105.68058488434346,84.56888344704849,75.39893866118973,336.93105503101634,352.8333757505664,94.59386872308374,90.0,72.71084366085941,309.51000000000005,324.11811407085895,whole_tumor,WT
BraTS20_Training_133,gt,17.816,17.717791666666667,0.005512367160604632,0.2886672853136887,17816,54.0,46.0,40.0,49.68,52.02477434344697,59.70466484598373,41.1761473253454,38.785206173026694,47.67493203689586,49.925072082501565,53.16013544000805,40.914116978774786,40.0,43.50000000000001,45.55309347705201,enhancing_tumor,ET
BraTS20_Training_133,gt,75.471,75.551375,0.0010649786010519197,0.6059639740522589,75471,60.0,58.0,57.0,99.18,103.86105312767855,68.5554429218903,55.52530349560651,47.824215002313295,91.02291436196492,95.31897302262729,60.0,58.309518948453004,56.80033139919893,99.36,104.04954868689394,tumor_core,TC
BraTS20_Training_133,gt,120.674,120.60791666666667,0.0005476186530100817,0.7583086922932301,120674,72.0,71.0,62.0,158.472,165.95149033322724,78.80314946080362,65.75919451975307,54.455015577233,141.09380668000728,147.75308884430976,72.0,67.11929677819934,53.2335732271934,128.62800000000004,134.698926615316,whole_tumor,WT
BraTS20_Training_186,gt,50.084,50.177125,0.0018593762479033914,0.4199487417311772,50084,57.0,54.0,52.0,80.028,83.8051256271613,60.66822140178263,54.427721909129424,46.436786887151854,76.66790328892435,80.28644057953916,54.62600113499065,52.0,48.51169671840657,68.89999999999999,72.15191127744558,enhancing_tumor,ET
BraTS20_Training_186,gt,58.843,58.77525,0.0011513688968951914,0.7099055397104974,58843,57.0,54.0,52.0,80.028,83.8051256271613,58.26068726337024,56.72782243721207,46.90316863305627,77.50753124350408,81.16569691749123,54.62600113499065,52.0,48.621534522297296,69.05599999999997,72.31527409543222,tumor_core,TC
BraTS20_Training_186,gt,129.841,129.68758333333332,0.0011815733602381859,0.4563401771041506,129841,128.0,67.0,60.0,257.28,269.42298597186067,127.25273768330608,75.87716041335335,56.89806030215438,274.6917838518129,287.6565633834436,123.10158406779338,67.0,53.80921821730652,221.90399999999994,232.37732540072975,whole_tumor,WT
BraTS20_Training_231,gt,40.45,40.444,0.00014833127317676704,0.5251746274861081,40450,56.0,51.0,44.0,62.832,65.79751653678463,56.91459667866953,51.16315044916419,42.674157011749216,62.1320805632012,65.064562616534,56.089214649520635,51.0,44.910594946644125,64.23449999999998,67.26621110233782,enhancing_tumor,ET
BraTS20_Training_231,gt,45.006,44.94670833333333,0.0013174169370009942,0.7010432384652312,45006,56.0,51.0,44.0,62.832,65.79751653678463,56.99931477973311,51.21954729141366,42.915544161294335,62.64551709924008,65.60223209976881,56.089214649520635,51.0,44.910594946644125,64.23449999999998,67.26621110233782,tumor_core,TC
BraTS20_Training_231,gt,132.171,132.13091666666665,0.000303268745287108,0.643249386060173,132171,88.0,69.0,53.0,160.908,168.50246356794213,90.40110050040153,70.90039660892407,54.622780899867294,175.05164369789756,183.31365261337763,90.47098982546837,69.0,52.071940509197496,162.52950000000004,170.20049439720745,whole_tumor,WT
BraTS20_Training_320,gt,8.358,8.298208333333333,0.0071538246789503886,0.46771082635701494,8358,36.0,36.0,26.0,16.848,17.64318434256028,42.6643644219364,25.517653532114956,22.761060313993347,12.389920241750762,12.974694136682556,36.0,33.06055050963308,23.653568617139115,14.075999999999993,14.740352730643302,enhancing_tumor,ET
BraTS20_Training_320,gt,10.33,10.287291666666667,0.004134398192965495,0.6217305383110027,10330,36.0,36.0,26.0,16.848,17.64318434256028,42.73539450309363,24.862070299369158,24.643457859706178,13.09171848259732,13.709615535931153,36.0,33.37663853655727,22.980145204254427,13.806000000000001,14.45760939182023,tumor_core,TC
BraTS20_Training_320,gt,37.466,37.220375,0.006555944055944162,0.3580319599249549,37466,75.0,72.0,58.0,156.6,163.99113651738716,70.58286699153514,61.929688867449,59.88379407459743,130.8812715472191,137.05854706174475,72.0,71.30918594402827,48.633285516989204,124.84800000000001,130.74051987179286,whole_tumor,WT
BraTS20_Training_227,gt,4.9510000000000005,4.92825,0.00459503130680676,0.5289683215430843,4951,33.0,25.0,24.0,9.9,10.367255756846316,33.682594294144934,29.522972315499793,22.215459880891984,11.045641049737869,11.566968258682115,26.476404589747453,24.0,22.019606099604488,6.995999999999991,7.326194068171389,enhancing_tumor,ET
BraTS20_Training_227,gt,6.118,6.078916666666667,0.00638825324180012,0.6303997322277677,6118,33.0,26.0,25.0,10.725,11.23119373658351,31.82249390988739,28.871772114646088,23.058557687811575,10.59277618718017,11.092729283588707,28.071337695236398,26.0,22.7278089461432,8.294000000000008,8.68545648962459,tumor_core,TC
BraTS20_Training_227,gt,52.898,52.688916666666664,0.003952575396675475,0.295713270976268,52898,106.0,90.0,56.0,267.12,279.72740987563515,118.06622566132364,71.31297226828174,64.37857550291737,271.02264851962366,283.81425384856607,98.08159868191383,64.10988487649419,56.0,176.064,184.37378965387776,whole_tumor,WT
BraTS20_Training_283,gt,11.28,11.237833333333334,0.0037381796690305774,0.5741629103189091,11280,38.0,31.0,30.0,17.67,18.50398072964388,41.341590293790375,30.037452959397406,25.793243550731145,16.014974284854507,16.770841853576123,38.0,31.11269837220809,28.284271247461916,16.720000000000006,17.509143056007122,enhancing_tumor,ET
BraTS20_Training_283,gt,11.428,11.383708333333335,0.003875714619064243,0.5963685293199378,11428,38.0,31.0,30.0,17.67,18.50398072964388,41.34870815585826,30.085679146084885,25.792700595585043,16.043110926177775,16.800306475468744,38.0,31.11269837220809,28.284271247461916,16.720000000000006,17.509143056007122,tumor_core,TC
BraTS20_Training_283,gt,46.436,46.358125,0.0016770393660091051,0.6164016705281512,46436,56.0,55.0,43.0,66.22,69.34542184023869,59.78906156027416,53.5106208158874,44.39538594774383,71.01818462280238,74.37006902742651,56.0,52.20153254455275,42.37423485818374,61.93600000000001,64.85922753091248,whole_tumor,WT
BraTS20_Training_080,gt,6.688,6.660208333333333,0.004155452551834096,0.34364085688126905,6688,42.0,29.0,20.0,12.18,12.754866173574559,42.645205204607606,28.247863731312478,21.324065517382024,12.843867912296664,13.450067025649622,38.63935817272331,20.0,17.728037741671443,6.849999999999998,7.17330322569669,enhancing_tumor,ET
BraTS20_Training_080,gt,10.56,10.48975,0.006652462121212093,0.5598057508771084,10560,42.0,30.0,25.0,15.75,16.493361431346415,42.72297889379669,29.949255852446022,23.951186988071854,15.323028460720872,16.04623788098267,41.43669871020132,25.19505734039032,25.0,13.05,13.665928043115597,tumor_core,TC
BraTS20_Training_080,gt,43.464,43.491958333333336,0.0006432526535371284,0.42333557892741985,43464,67.0,56.0,42.0,78.792,82.51078945388231,71.8274201788409,57.482446395994195,35.94326009914713,74.20155064304748,77.70368212838964,66.37017402418047,42.0,40.108377582830514,55.902,58.540437506992205,whole_tumor,WT
BraTS20_Training_095,gt,18.549,18.345333333333333,0.01097992704009202,0.26298192518214614,18549,77.0,50.0,44.0,84.7,88.69763258635183,78.41491635771003,50.53730108829461,48.63630318652396,96.36987373204661,100.91829578132453,71.00704190430693,44.0,38.40464166462614,59.99400000000001,62.82556988648868,enhancing_tumor,ET
BraTS20_Training_095,gt,33.378,33.27195833333334,0.003176992829608203,0.463020659666274,33378,77.0,50.0,44.0,84.7,88.69763258635183,78.15039500849605,51.961062447095586,47.502016743156574,96.4475617110867,100.99965044273274,72.02777242147643,44.0,39.84574148990697,63.14000000000001,66.12005338255318,tumor_core,TC
BraTS20_Training_095,gt,103.768,103.622625,0.0014009617608511426,0.5171667090893585,103768,92.0,82.0,66.0,248.952,260.70192476549533,89.11510519860838,66.55581767812201,58.5447527080925,173.61823133403337,181.81258669608414,91.41115905621152,81.9374798146271,66.0,247.16999999999993,258.835818729263,whole_tumor,WT
BraTS20_Training_042,gt,20.908,20.970583333333334,0.0029932721127478735,0.23563584727283798,20908,46.0,45.0,41.0,42.435,44.43782808502762,51.4510811266625,48.901039182141886,39.32957959910432,49.476834019124084,51.81201942578725,47.41307836451879,46.0,41.04352780131387,44.758,46.870467996457315,enhancing_tumor,ET
BraTS20_Training_042,gt,40.795,40.74554166666666,0.0012123626261390105,0.7143547166389181,40795,46.0,45.0,41.0,42.435,44.43782808502762,51.52734608613686,48.907604177909995,39.106083271573496,49.27521052596963,51.600879797492205,47.41307836451879,46.0,41.04352780131387,44.758,46.870467996457315,tumor_core,TC
BraTS20_Training_042,gt,75.949,75.88008333333333,0.0009074071635790665,0.4897882285120771,75949,69.0,67.0,50.0,115.575,121.02985697954678,74.65374629062298,62.041304866286545,60.34102968288299,139.73823423019493,146.33353669439674,71.16881339463234,67.0,50.893078403822,121.33700000000005,127.06380926954161,whole_tumor,WT
BraTS20_Training_053,gt,9.075000000000001,9.078,0.00033057851239651095,0.27720267159782325,9075,37.0,37.0,32.0,21.904,22.937815161410274,38.415575513867665,34.819850762381066,31.9855447096784,21.39232582548863,22.40199121885143,38.600518131237564,37.0,30.051410088748696,21.45999999999999,22.472859448678975,enhancing_tumor,ET
BraTS20_Training_053,gt,21.47,21.416833333333333,0.002476323552243406,0.6847355896082719,21470,39.0,38.0,37.0,27.417,28.71101526115712,42.226536452677564,38.833355018735595,35.176209805867245,28.840940673153913,30.20216244713313,41.14608122288197,39.0,36.23674371135088,29.074500000000015,30.446745202265493,tumor_core,TC
BraTS20_Training_053,gt,149.897,149.93745833333335,0.00026990755874608505,0.43071254912028223,149897,86.0,80.0,63.0,216.72,226.94865329532666,97.60929086157041,80.78318224125732,64.9068139559541,255.9012520026919,267.9791644453624,83.16850365372699,80.0,65.98651844031426,219.51999999999998,229.8808064386771,whole_tumor,WT
BraTS20_Training_197,gt,54.064,54.06433333333334,6.165532208813507e-06,0.3731978594861089,54064,63.0,51.0,50.0,80.325,84.1161432998667,62.72953632174523,54.6373253137905,54.2594426432985,92.98370373125611,97.37230684856135,61.814237842102365,52.07538121270022,50.0,80.47500000000001,84.27322293254622,enhancing_tumor,ET
BraTS20_Training_197,gt,72.106,72.01908333333333,0.0012054013073345797,0.6562454762282258,72106,63.0,53.0,51.0,85.1445,89.1631118978587,63.67660492253012,55.79551328962495,55.21019688588539,98.07729453007923,102.70630265988642,62.12889826803627,51.0,50.34694139440866,79.76399999999998,83.5286654736454,tumor_core,TC
BraTS20_Training_197,gt,131.589,131.51775,0.0005414586325604119,0.6995682682783603,131589,82.0,72.0,62.0,183.024,191.66228461020606,84.32145889418081,68.10897142796816,56.52548180581209,162.3142729419662,169.9751091490832,81.58431221748455,72.0,52.951356487309695,155.52000000000004,162.86016316209486,whole_tumor,WT
BraTS20_Training_083,gt,7.167,7.214625,0.006645039765592302,0.29967190969019,7167,37.0,28.0,26.0,13.468,14.103656619515776,36.38836567647333,30.775445833493556,23.431632175819754,13.1201696026267,13.739409479154718,37.12142238654117,26.0,25.07985794039905,12.103000000000021,12.674231962132444,enhancing_tumor,ET
BraTS20_Training_083,gt,10.558,10.525875,0.0030427164235651283,0.7452677086860374,10558,37.0,28.0,26.0,13.468,14.103656619515776,37.02296004996673,32.137996501965894,23.15801880816946,13.77721209312714,14.427462766238891,37.12142238654117,26.157402857279777,26.0,12.62300000000002,13.21877468875467,tumor_core,TC
BraTS20_Training_083,gt,73.658,73.58366666666667,0.0010091684994614062,0.507229156976381,73658,72.0,61.0,60.0,131.76,137.97874934566372,77.96768302899667,61.38291828317121,49.08301403003087,117.45280369994646,122.99628841575861,72.01388754955533,61.0,51.781678880117965,113.7345,119.10248988656942,whole_tumor,WT
BraTS20_Training_171,gt,16.944,16.553083333333333,0.023071096946805106,0.16611941764549112,16944,59.0,55.0,50.0,81.125,84.95390134082399,63.58011336093586,51.755403593212634,49.84580285996127,82.011659020591,85.88240849593328,59.0,53.600373133029585,41.82806702549681,66.139,69.26059883859176,enhancing_tumor,ET
BraTS20_Training_171,gt,70.168,70.09745833333332,0.0010053253144835955,0.5759737726605736,70168,59.0,59.0,51.0,88.7655,92.95501423074158,66.91084776807071,57.23791620447947,49.849489920092196,95.45772286908002,99.96309363130403,59.0,58.855755878248644,48.18560152156845,83.66199999999999,87.61064152820973,tumor_core,TC
BraTS20_Training_171,gt,146.494,146.30741666666665,0.0012736585343655407,0.47361996282181756,146494,83.0,81.0,72.0,242.028,253.45112892101014,95.83480995432352,74.40090716607591,70.53480892156838,251.46353438439425,263.33199742257904,83.21658488546619,81.0,70.5508404133678,237.77549999999997,248.9979213345466,whole_tumor,WT
BraTS20_Training_028,gt,9.281,9.195541666666665,0.009207879897999696,0.2177215992047086,9281,48.0,33.0,29.0,22.968,24.052033355883456,42.48947218559943,35.95710835261153,25.607183466880954,19.561308952013874,20.484554832749016,42.05948168962618,29.0,24.44157556638538,14.90600000000001,15.609526698136495,enhancing_tumor,ET
BraTS20_Training_028,gt,15.027000000000001,15.038291666666666,0.0007514252123953499,0.4478181086859242,15027,48.0,33.0,29.0,22.968,24.052033355883456,45.30935524334877,34.56910723724351,26.21226242372337,20.528185220795812,21.49706529372756,43.04648650006177,32.522979546727754,29.0,20.30000000000002,21.25811028929095,tumor_core,TC
BraTS20_Training_028,gt,20.935,20.841458333333332,0.004468195207387956,0.5058808371486708,20935,59.0,42.0,40.0,49.56,51.89911063730337,61.847633992381176,41.09127639398595,37.33517808664071,47.4417776166953,49.680913344616876,58.9406481131655,42.0,30.53919591355725,37.79999999999999,39.58406743523138,whole_tumor,WT
BraTS20_Training_187,gt,39.514,39.51079166666666,8.119485077036905e-05,0.3348801963002052,39514,54.0,53.0,44.0,62.964,65.93574661354256,55.06641228609688,53.04374184843681,41.65955957288637,60.842298631392666,63.7139061359665,54.589376255824725,53.0,42.02282856740332,60.791,63.660186334792364,enhancing_tumor,ET
BraTS20_Training_187,gt,56.625,56.573458333333335,0.0009102281089035808,0.7566965527170829,56625,57.0,54.0,44.0,67.716,70.91202937682881,54.43757693344773,53.9036182791161,41.043257560350185,60.21830563590875,63.06046219913192,55.31726674375732,54.0,43.38609156373124,64.80000000000001,67.85840131753953,tumor_core,TC
BraTS20_Training_187,gt,91.56,91.47516666666667,0.0009265326925877649,0.6788304299647379,91560,69.0,63.0,59.0,128.2365,134.2889487740225,69.42099756199809,65.078998438693,61.576016491023594,139.09557201612714,145.6605423975783,69.72087205421343,63.0,49.38262959939455,108.45450000000001,113.57328681625143,whole_tumor,WT
BraTS20_Training_101,gt,13.927,13.89125,0.0025669562719896726,0.2674976759422824,13927,56.0,48.0,44.0,59.136,61.927074387562,62.033852044120025,47.93554236941981,34.07475490250397,50.66279440466407,53.05395423734089,52.839379254491625,48.0,34.59541019957402,43.871999999999986,45.94265096609712,enhancing_tumor,ET
BraTS20_Training_101,gt,18.923000000000002,18.811666666666667,0.005883492751325603,0.5162328070878964,18923,56.0,48.0,44.0,59.136,61.927074387562,61.998021407109206,46.354315461018416,36.50514920371108,52.45563320739615,54.93141064125218,52.839379254491625,48.0,34.59541019957402,43.871999999999986,45.94265096609712,tumor_core,TC
BraTS20_Training_101,gt,71.751,71.69745833333333,0.0007462149191882316,0.47689356417005196,71751,78.0,59.0,56.0,128.856,134.93768765698877,79.8956164667136,62.885459936845436,56.70535629191869,142.45158361780628,149.17494952864413,72.3394774656273,56.0,43.79351511773501,88.70400000000001,92.89061158134301,whole_tumor,WT
BraTS20_Training_218,gt,61.113,61.28775,0.0028594570713269367,0.24262265938259686,61113,77.0,57.0,56.0,122.892,128.6922014616523,78.91655461616796,56.902657937122086,51.31016231294477,115.20572518259762,120.64315329504441,75.66372975210778,57.0,51.015195955132924,110.00999999999999,115.20220260713769,enhancing_tumor,ET
BraTS20_Training_218,gt,82.517,82.51858333333332,1.918796530810683e-05,0.5906897560142276,82517,77.0,57.0,56.0,122.892,128.6922014616523,78.84460623829472,57.19165701384587,49.59535610265162,111.81902094323489,117.09660490895662,75.66372975210778,57.0,51.015195955132924,110.00999999999999,115.20220260713769,tumor_core,TC
BraTS20_Training_218,gt,111.312,111.28258333333333,0.0002642721958698312,0.6052524025873799,111312,86.0,67.0,63.0,181.503,190.06949713483607,87.13345976686652,72.30005821212615,54.16824676571383,170.62332039654248,178.67632329629177,85.37564055396598,67.0,55.97615395903463,160.0965,167.65266275514614,whole_tumor,WT
BraTS20_Training_029,gt,5.7010000000000005,5.715833333333333,0.002601882710635469,0.3826589304452298,5701,27.0,26.0,24.0,8.424,8.821592171280138,30.50274796780524,25.704890604296324,21.28771519200565,8.345527292725022,8.739415744386015,31.240998703626616,24.0,23.046638387921263,8.639999999999995,9.0477868423386,enhancing_tumor,ET
BraTS20_Training_029,gt,7.394,7.360333333333333,0.004553241366874081,0.7361902442213282,7394,27.0,26.0,24.0,8.424,8.821592171280138,30.34242623011835,25.37756811449949,21.32966738607859,8.212103122250323,8.59969427979447,31.240998703626616,24.0,23.046638387921263,8.639999999999995,9.0477868423386,tumor_core,TC
BraTS20_Training_029,gt,62.354,62.26479166666667,0.0014306753910467939,0.4326861710201331,62354,87.0,64.0,49.0,136.416,142.85450114403505,85.91451625968352,59.55647330904361,54.57574262717978,139.62564108395364,146.21562942737128,88.88756943465155,64.0,32.23172844327004,91.67999999999998,96.00707149370405,whole_tumor,WT
BraTS20_Training_013,gt,4.039,3.8244166666666666,0.05312783692333081,0.17514978505915815,4039,40.0,35.0,31.0,21.7,22.724186860966167,44.225106923271255,31.835159620764728,28.514033347612525,20.07264393724639,21.02002357712565,44.10215414239989,31.0,25.871752121582674,17.685500000000008,18.520212291687432,enhancing_tumor,ET
BraTS20_Training_013,gt,14.535,14.489208333333334,0.0031504414631349314,0.7068757175379197,14535,40.0,35.0,31.0,21.7,22.724186860966167,45.458013394921934,34.343778276182064,27.878360701457684,21.76184742839099,22.78895333652502,44.294469180700204,31.0,27.091418459143867,18.600000000000012,19.477874452256724,tumor_core,TC
BraTS20_Training_013,gt,46.339,46.20245833333333,0.0029465820726961335,0.3907914780793312,46339,81.0,63.0,61.0,155.6415,162.98739766456526,74.6214831746955,62.78313788205497,61.244203210511685,143.46365391062298,150.2347870609206,78.44743462982075,61.0,57.860400680005924,138.4395,144.9735053888814,whole_tumor,WT
BraTS20_Training_257,gt,10.93,10.921291666666667,0.0007967368100030077,0.633948449025663,10930,37.0,31.0,25.0,14.3375,15.01419489028122,38.78686072243728,31.940035232658403,23.3282203281477,14.45012601109556,15.132136573301525,37.0,30.463092423455635,22.453400019012562,12.654000000000003,13.251237812841751,enhancing_tumor,ET
BraTS20_Training_257,gt,12.453,12.418583333333334,0.0027637249391042487,0.7740283767856542,12453,37.0,31.0,26.0,14.911,15.614762685892469,38.54998400196346,32.09228968753216,23.564165953712525,14.576289422527662,15.264254588803833,37.0,30.886890422961002,22.72808917915998,12.987,13.599954597390212,tumor_core,TC
BraTS20_Training_257,gt,82.023,81.95229166666667,0.000862054952066234,0.6398412541638387,82023,68.0,65.0,53.0,117.13,122.65824917165746,67.3544322739724,55.23571392478216,53.54366721360901,99.60113068250128,104.30206014712763,68.0,66.70832032063167,50.143669993823124,113.72999999999999,119.09777749758904,whole_tumor,WT
BraTS20_Training_006,gt,24.947,24.901708333333332,0.0018155155596531606,0.20289445623987215,24947,57.0,49.0,36.0,50.274,52.64680968885775,58.74133606182654,53.45649983161915,35.19001363395995,55.25019036978155,57.857864058381075,58.82176467941097,49.0,35.32705982769248,50.910999999999994,53.313874528969976,enhancing_tumor,ET
BraTS20_Training_006,gt,44.774,44.736625,0.0008347478447314151,0.6237264966362965,44774,57.0,51.0,36.0,52.326,54.79565906391318,59.00101961115644,52.927501226097945,35.77220718749744,55.85430465540678,58.490491058930694,58.82176467941097,51.0,35.32705982769248,52.98899999999999,55.4899510403565,tumor_core,TC
BraTS20_Training_006,gt,139.23,139.0985,0.0009444803562449789,0.42239348398825877,139230,99.0,75.0,72.0,267.3,279.9159054348506,102.18528681808519,77.10333108683272,65.84753451993788,259.4006335630065,271.64370824602645,97.18538984847466,75.0,67.63362281355467,246.4875,258.1211064005713,whole_tumor,WT
BraTS20_Training_112,gt,48.172000000000004,48.207875,0.0007447272274349666,0.316873768695774,48172,69.0,50.0,45.0,77.625,81.28870991163589,69.0081788653188,53.98208578060747,39.79361864656423,74.11970215207747,77.61797058907672,69.02897942168927,47.4148687612149,45.0,73.64250000000001,77.11824566399545,enhancing_tumor,ET
BraTS20_Training_112,gt,68.462,68.405,0.0008325786567731319,0.7624949595506306,68462,69.0,50.0,45.0,77.625,81.28870991163589,69.1070927475925,53.855720334601806,39.71681492332759,73.90926435790892,77.39760064634419,69.02897942168927,47.4148687612149,45.0,73.64250000000001,77.11824566399545,tumor_core,TC
BraTS20_Training_112,gt,170.359,170.26616666666666,0.0005449276723469,0.45070620170593695,170359,115.0,78.0,72.0,322.92,338.16103323240526,115.44396383176849,82.74121107502147,63.69629639654683,304.2126637521217,318.5707565242159,117.15374513859982,78.0,55.824079650742654,255.06000000000006,267.09820740820425,whole_tumor,WT
BraTS20_Training_039,gt,12.826,12.833541666666665,0.0005879983367117403,0.34486524432241317,12826,38.0,37.0,32.0,22.496,23.55775611171866,43.70171129488518,33.34708815320775,32.266350908181245,23.51127699847254,24.620951698305333,37.0,36.05551275463989,28.788940184089398,19.203000000000003,20.109334575628267,enhancing_tumor,ET
BraTS20_Training_039,gt,19.018,18.968708333333332,0.0025918428155783328,0.6999081645010328,19018,38.0,37.0,32.0,22.496,23.55775611171866,43.6233714978014,32.881345408424046,31.89637895176162,22.87600557327391,23.95569701749216,37.0,36.40054944640259,29.010551105963117,19.535999999999998,20.458051360176732,tumor_core,TC
BraTS20_Training_039,gt,51.853,51.77925,0.0014222899350086586,0.5904877818225741,51853,56.0,53.0,51.0,75.684,79.25609946476331,61.208556820947436,55.54441823837124,47.01499181606621,79.92063601675618,83.69269432682168,59.033888572581766,51.0,47.53202046905723,71.553,74.93012638077015,whole_tumor,WT
BraTS20_Training_166,gt,50.410000000000004,50.3985,0.000228129339416885,0.462946527830049,50410,54.0,51.0,49.0,67.473,70.65756037188802,60.45984984395938,52.74336068778495,51.70395401355594,82.43822339283211,86.32910566197185,55.60575509783138,49.0,46.90162008251754,63.896,66.9117347312578,enhancing_tumor,ET
BraTS20_Training_166,gt,62.318,62.25304166666666,0.0010423687110198785,0.7504429487674276,62318,65.0,54.0,51.0,89.505,93.72941681985148,65.92881887405119,58.82226514811991,51.79632576138889,100.43521133587147,105.17550736483737,65.0,55.60575509783138,46.90162008251754,84.76,88.76046443942363,tumor_core,TC
BraTS20_Training_166,gt,222.999,222.945875,0.0002382297678464671,0.49191426800951243,222999,111.0,91.0,72.0,363.636,380.79872872692596,119.73176962692614,79.15599002087102,68.41814671044128,324.21603985652905,339.5182429964157,106.16967551989597,91.0,63.99190698032056,309.127,323.7170374087506,whole_tumor,WT
BraTS20_Training_339,gt,38.523,38.524125,2.920333307361092e-05,0.3048033097343337,38523,54.0,53.0,44.0,62.964,65.93574661354256,61.581972279145155,54.75505770356846,47.486680640711405,80.06074964745571,83.83942097777948,57.8013840664737,53.0,41.67720269863371,63.838500000000025,66.85152087206403,enhancing_tumor,ET
BraTS20_Training_339,gt,64.008,63.9435,0.0010076865391825294,0.7813833232731927,64008,54.0,53.0,44.0,62.964,65.93574661354256,61.33603121371766,54.57686308073909,45.72217034958611,76.52812679009301,80.14006697224814,57.8013840664737,53.0,41.67720269863371,63.838500000000025,66.85152087206403,tumor_core,TC
BraTS20_Training_339,gt,147.383,147.26620833333334,0.0007924364863428705,0.4528917037312946,147383,89.0,80.0,79.0,281.24,294.51383929853114,91.05361451901965,86.29599559449235,77.05776195385027,302.74308329571966,317.0318154689852,91.706052144883,79.0,71.1948649766874,257.89549999999997,270.0675360646221,whole_tumor,WT
BraTS20_Training_093,gt,24.337,24.33579166666667,4.96500527316766e-05,0.386095261038247,24337,69.0,44.0,40.0,60.72,63.58583530865741,77.42091424918793,41.14553023596227,34.17404186019945,54.43112496908338,57.00014077650009,46.486557196677836,44.0,37.688314765654596,38.544000000000004,40.36318241332167,enhancing_tumor,ET
BraTS20_Training_093,gt,31.599,31.542625,0.0017840754454254621,0.773092765653951,31599,69.0,44.0,40.0,60.72,63.58583530865741,77.63132952463927,41.0438149746975,34.15392076453787,54.41207851205941,56.980195373345616,46.486557196677836,44.0,38.010988693442734,38.87400000000001,40.70875760521654,tumor_core,TC
BraTS20_Training_093,gt,98.69,98.60958333333333,0.0008148410848785549,0.5076287362155564,98690,89.0,82.0,69.0,251.781,263.6644466378305,94.77768370885713,68.82488826948936,51.41889381171303,167.70435450347173,175.61958936104168,82.0,81.61494961096282,64.48573484499283,215.78299999999996,225.9674291898554,whole_tumor,WT
BraTS20_Training_100,gt,30.015,29.83225,0.006088622355488995,0.200330739569292,30015,64.0,52.0,51.0,84.864,88.86937298474805,70.25970888107639,57.1732828616752,53.80358062248639,108.06390548048051,113.16425719189978,66.2117814289874,52.0,51.531614561064096,88.712,92.89898916175257,enhancing_tumor,ET
BraTS20_Training_100,gt,77.199,77.13629166666666,0.0008122946324866015,0.7439659104628956,77199,64.0,52.0,51.0,84.864,88.86937298474805,70.19428003139573,55.98181863107081,48.313122753647946,94.92570701482525,99.4059679315307,66.2117814289874,52.0,51.531614561064096,88.712,92.89898916175257,tumor_core,TC
BraTS20_Training_100,gt,135.252,135.14345833333334,0.0008025143189503107,0.5065443926862645,135252,94.0,68.0,66.0,210.936,220.89166265920554,95.41332317677109,77.67478836014187,64.78367310856552,240.0626927696314,251.39306400201917,91.78235124467012,68.0,45.106711081782336,140.76000000000002,147.40352730643312,whole_tumor,WT
BraTS20_Training_259,gt,10.957,10.91275,0.004038514191840823,0.44316436235045464,10957,53.0,51.0,40.0,54.06,56.61149961768807,62.83790243120328,44.59267596909558,34.73876001413232,48.6709172622578,50.96806537152859,62.625873247404705,40.0,28.885824758938078,36.180000000000014,37.887607402292915,enhancing_tumor,ET
BraTS20_Training_259,gt,13.55,13.501583333333334,0.0035731857318572935,0.5680229956946954,13550,53.0,51.0,40.0,54.06,56.61149961768807,62.8875846157702,46.7608935564905,34.98934675934552,51.446229995248466,53.87436606932115,62.625873247404705,40.0,30.131316373751325,37.74000000000001,39.521235582159605,tumor_core,TC
BraTS20_Training_259,gt,119.31400000000001,119.31766666666667,3.0731235786751676e-05,0.6573269594448573,119314,75.0,67.0,63.0,158.2875,165.75828238503144,78.73316609125123,71.50836960600687,56.49940641859874,159.048098680708,166.55477946091224,78.79086241436883,67.0,57.671662179589575,152.22400000000002,159.4086000333509,whole_tumor,WT
BraTS20_Training_113,gt,4.251,4.212958333333333,0.008948874774563024,0.3067476128950871,4251,34.0,28.0,24.0,11.424,11.96318482486993,35.96996656860301,31.78107587047449,22.184495752066553,12.680261075108499,13.27873834638716,32.2490309931942,28.0,8.558396686655385,3.8640000000000003,4.046371337823654,enhancing_tumor,ET
BraTS20_Training_113,gt,6.597,6.462041666666667,0.02045753120105101,0.48825418653115304,6597,48.0,41.0,31.0,30.504,31.943714101701016,55.97679335858485,35.04419500308568,28.1588817511209,27.61909938947055,28.922653246909004,48.38388161361178,31.0,22.424823387769663,16.8175,17.611244817248778,tumor_core,TC
BraTS20_Training_113,gt,125.68,126.015625,0.002670472628898736,0.48981612834761856,125680,88.0,86.0,69.0,261.096,273.41909182722685,89.72202944977121,89.64937427057717,69.63127013621957,280.04038922877993,293.2576098365204,99.02019995940222,74.06569571670127,69.0,253.023,264.96506599641674,whole_tumor,WT
BraTS20_Training_200,gt,4.539,4.505333333333333,0.0074171990893736415,0.58290632804462,4539,30.0,29.0,28.0,12.18,12.754866173574559,39.12995712321262,28.71894531589698,23.06115627343625,12.957730462901825,13.569303609816348,28.0178514522438,28.0,11.849588130120956,4.648000000000004,4.86737421796179,enhancing_tumor,ET
BraTS20_Training_200,gt,4.664,4.622041666666667,0.008996212121211976,0.6354683380929081,4664,30.0,29.0,28.0,12.18,12.754866173574559,39.086447233247924,28.761835125181456,23.05660208581348,12.960092410391045,13.571777035443112,28.0178514522438,28.0,11.849588130120956,4.648000000000004,4.86737421796179,tumor_core,TC
BraTS20_Training_200,gt,44.798,44.73308333333333,0.0014490974299448353,0.6571716366040511,44798,53.0,49.0,47.0,61.0295,63.90994295075275,52.96627629912851,48.28065822248145,45.52488230090773,58.20917713616794,60.956507754164036,53.0,48.76474136094644,44.068725477154686,56.94849999999998,59.63632974431942,whole_tumor,WT
BraTS20_Training_266,gt,28.736,28.695125,0.0014224317928730433,0.6860866217006062,28736,43.0,43.0,37.0,34.2065,35.820963035006415,45.93795478048033,45.13673245218618,36.29379274707988,37.627393178172,39.40331399409329,45.31004303683677,43.0,31.185139216293408,30.379500000000004,31.813338006577048,tumor_core,TC
BraTS20_Training_266,gt,53.274,53.22954166666666,0.0008345221558985316,0.7024413867107718,53274,62.0,48.0,47.0,69.936,73.23680794048526,60.56271682414271,51.36946080794701,44.64420849364163,69.44572056551736,72.72338851729297,59.90826320300064,48.0,44.35114386469007,63.767999999999994,66.77769344470464,whole_tumor,WT
BraTS20_Training_271,gt,0.224,0.21129166666666666,0.05673363095238102,0.6342362090338489,224,17.0,13.0,6.0,0.663,0.6942919764433442,20.62228028051605,9.826598552591257,6.754868571366952,0.6844264851236802,0.7167297391956124,17.0,6.324555320336759,2.846049894151548,0.15300000000000036,0.1602212253330798,enhancing_tumor,ET
BraTS20_Training_271,gt,23.413,23.36991666666667,0.0018401457879524967,0.764218477115964,23413,49.0,41.0,27.0,27.1215,28.401568384778525,52.0592289229077,35.99872005987798,25.84301628402695,24.21575401927307,25.358678309361927,50.96076922496363,41.0,27.060031097891738,28.2695,29.60375117355221,tumor_core,TC
BraTS20_Training_271,gt,51.173,51.083,0.0017587399605261253,0.6619332339085517,51173,61.0,59.0,40.0,71.98,75.3772797351311,65.23265729551798,48.20673524240213,42.236780301844846,66.41001822276081,69.54440845779655,62.297672508690084,61.0,34.2548912995477,65.087,68.15894701473295,whole_tumor,WT
BraTS20_Training_107,gt,9.541,9.515083333333333,0.0027163469936764754,0.6141078442094922,9541,31.0,30.0,28.0,13.02,13.634512116579703,36.94197370252519,28.676096166109048,27.38165202646622,14.503398311822568,15.187923196169463,31.400636936215164,31.0,26.623663771476558,12.958000000000006,13.569585868405516,enhancing_tumor,ET
BraTS20_Training_107,gt,10.136000000000001,10.105458333333335,0.003013187319126504,0.7138009983062575,10136,31.0,30.0,28.0,13.02,13.634512116579703,37.06363961682332,28.422829055035415,27.658577153369073,14.56851235662535,15.256110464435439,31.400636936215164,31.0,26.623663771476558,12.958000000000006,13.569585868405516,tumor_core,TC
BraTS20_Training_107,gt,34.311,34.239333333333335,0.0020887373339939213,0.5256418546635636,34311,80.0,62.0,55.0,136.4,142.8377459832159,71.020336824593,70.54526760155926,61.27058114951582,153.48736021924125,160.73158776121952,62.0,54.70831746635972,36.41128245672854,61.75199999999999,64.66654318149229,whole_tumor,WT
