subject_id,source,voxel_volume_ml,mesh_volume_ml,mesh_voxel_rel_error,sphericity,n_voxels,aabb_a_mm,aabb_b_mm,aabb_c_mm,ellipsoid_aabb_abc_over_2_ml,ellipsoid_aabb_pi_over_6_ml,pca_a_mm,pca_b_mm,pca_c_mm,ellipsoid_pca_abc_over_2_ml,ellipsoid_pca_pi_over_6_ml,radiologist_a_mm,radiologist_b_mm,radiologist_c_mm,ellipsoid_radiologist_abc_over_2_ml,ellipsoid_radiologist_pi_over_6_ml
BraTS20_Training_313,gt,171.03300000000002,170.96308333333334,0.00040879050631557233,0.6900528619188128,171033,97.0,74.0,71.0,254.819,266.8458327983658,97.51569769727948,73.4206855031306,70.859468718181,253.66518395774486,265.6375594643849,97.62171889492625,74.0,54.670211305584616,197.46900000000002,206.78905323724095
BraTS20_Training_313,pred,174.167,174.080625,0.0004959320652018113,0.7542778455149395,174167,98.0,72.0,65.0,229.32,240.14334244040376,98.20040813515809,70.68383033689554,64.45786444741978,223.70685160313425,234.26526718470285,98.6154146165801,72.0,52.79093557778059,187.41600000000005,196.2615762550616
BraTS20_Training_161,gt,53.787,53.717333333333336,0.0012952324291494784,0.5982640763637131,53787,64.0,51.0,51.0,83.232,87.16034658119521,64.02120328968087,53.14432546233408,47.505842046880446,80.81607540679506,84.63039626331538,63.12685640834652,51.0,42.628449333716546,68.62049999999998,71.85921956188612
BraTS20_Training_161,pred,49.888,49.83145833333334,0.0011333720868076636,0.7455628326574644,49888,54.0,49.0,46.0,60.858,63.73034857072253,55.06353598227479,53.04068696320866,44.43080769550461,64.88248120524753,67.94477543369449,55.54277630799526,49.0,45.38844054212514,61.764499999999984,64.67963315088225
BraTS20_Training_078,gt,39.411,39.39429166666667,0.0004239510119848207,0.30528051037193227,39411,101.0,53.0,46.0,123.119,128.92991530577387,98.87101719035252,56.44735480477683,41.11837343208427,114.74097293814526,120.1564658827408,100.60318086422517,53.0,33.21962557536217,88.56300000000002,92.7429567266243
BraTS20_Training_078,pred,54.255,54.162958333333336,0.001696464227567354,0.5385762126764487,54255,99.0,56.0,51.0,141.372,148.0444122077654,100.06333487032919,55.752305421682905,35.28758901690639,98.43052340913296,103.07620307704343,89.1403387922662,56.0,33.183629769383785,82.82400000000003,86.73308998030703
BraTS20_Training_146,gt,100.886,100.82258333333333,0.0006285972946362099,0.4885175803883221,100886,93.0,66.0,59.0,181.071,189.6171077927191,92.84044847483953,71.56522926722712,52.00567809744842,172.76671054957316,180.9208762158044,93.90420650854784,59.0,51.53123784246576,142.7505,149.4879740320899
BraTS20_Training_146,pred,145.29,145.023,0.00183770390253972,0.38478509785272524,145290,113.0,100.0,96.0,542.4,567.9999517690345,129.51326528799285,100.02597964453153,68.40442167942221,443.07908106469336,463.99132867738564,132.00378782444085,100.0,71.17220009243167,469.74999999999994,491.9210496746017
BraTS20_Training_327,gt,183.84300000000002,183.75520833333334,0.0004775360860444777,0.7352659801763907,183843,101.0,70.0,69.0,243.915,255.4271907001181,98.90998531196178,74.88318601330329,66.6618437035289,246.87196651489194,258.5237187934833,100.84145972763385,69.0,63.287461498845445,220.17900000000003,230.57090962491569
BraTS20_Training_327,pred,174.68200000000002,174.61066666666665,0.0004083610980717576,0.7798920697841697,174682,92.0,69.0,65.0,206.31,216.04732678737005,89.89391001733725,71.19286954048953,61.84746798861592,197.90588006311157,207.24655296949797,92.77930803794561,69.0,61.910356107104974,198.16799999999998,207.52104432552738
BraTS20_Training_154,gt,94.086,93.983375,0.0010907573921731533,0.6096077152850649,94086,90.0,59.0,53.0,140.715,147.35640341662923,92.16625046245909,60.581534050521086,50.92044309931258,142.15900156287387,148.8685583171948,91.41115905621152,59.0,49.64382955924938,133.871,140.18938337623973
BraTS20_Training_154,pred,97.649,97.54,0.0011162428698706045,0.642631603346678,97649,92.0,63.0,54.0,156.492,163.87803918185796,95.51552961911833,61.88062508958438,52.26514742322081,154.45816261029728,161.74820964782919,91.6624241442479,63.0,51.9842241189409,150.09750000000005,157.1817344407314
BraTS20_Training_038,gt,100.879,101.00516666666667,0.0012506732488095913,0.3857601241794258,100879,92.0,87.0,53.0,212.106,222.11688379410552,104.72063901507713,76.7711723128811,52.28147060096937,210.15912692476306,220.0781230772268,87.0,83.2946576918352,45.62117313764395,165.3,173.10175521279757
BraTS20_Training_038,pred,100.306,100.19058333333332,0.0011506456908527444,0.5141900611605627,100306,89.0,80.0,52.0,185.12,193.85721067751413,102.5309101616154,70.20181631444623,47.53388689293284,171.07103938069076,179.1451735201161,80.0,79.63039620647382,42.081920468048224,134.04000000000002,140.36635976239194
BraTS20_Training_169,gt,55.781,55.715125,0.0011809576737598529,0.7218149008625044,55781,60.0,52.0,44.0,68.64,71.87963991413446,62.6230082396364,52.90846640032058,46.46569606430472,76.97710096280245,80.61023162645998,61.0,45.34426229508199,44.0,60.85200000000003,63.72406538541539
BraTS20_Training_169,pred,61.54,61.45825,0.0013284042898927453,0.7276909954193046,61540,71.0,47.0,45.0,75.0825,78.62621013771854,73.97250977996255,48.953352989914634,47.81174474740506,86.56800200276555,90.65379970927825,64.00781202322104,45.0,44.30709174953742,63.80999999999998,66.82167574185486
BraTS20_Training_285,gt,113.289,113.164875,0.0010956491804147489,0.6936116383011324,113289,90.0,64.0,64.0,184.32,193.01945263655688,90.08517592826061,70.52054414978512,60.703074095833095,192.81893290140792,201.9195143586954,89.94442728707543,64.0,57.001863869077354,164.064,171.8074190395186
BraTS20_Training_285,pred,36.254,36.18804166666666,0.0018193394751843785,0.5037030327793183,36254,73.0,48.0,47.0,82.344,86.23043515573264,74.43020484638099,56.72055483375008,33.572085010740764,70.86601358730887,74.21071589169468,69.18092222571191,48.0,41.5576998326205,68.99999999999999,72.25663103256522
BraTS20_Training_058,gt,91.646,91.69116666666667,0.0004928383853815104,0.2640168153545688,91646,99.0,69.0,66.0,225.423,236.06241358339062,99.50129487833166,74.44695972289244,57.35388497845089,212.42642710610164,222.45243427495222,98.00510190801293,66.0,53.87474628571661,174.23999999999992,182.4637013204951
BraTS20_Training_058,pred,52.689,52.622083333333336,0.0012700310627771275,0.4749338638759309,52689,88.0,50.0,44.0,96.8,101.36872295583066,87.41799909895816,47.40681984324847,46.47300418860215,96.29692887664986,100.84190810738069,85.21150157109074,50.0,40.18236900969768,85.60000000000004,89.6401103824288
BraTS20_Training_106,gt,108.35900000000001,108.171625,0.0017292056958813106,0.4302979606673572,108359,161.0,96.0,85.0,656.88,687.8831274300211,152.35038680686472,111.3591521684038,97.26825599819622,825.1076438163808,864.0507040781084,127.1416532848303,96.0,38.72845658982399,236.35200000000015,247.5072356204184
BraTS20_Training_106,pred,105.956,105.82945833333333,0.001194285049139908,0.5170156179516776,105956,106.0,73.0,58.0,224.402,234.9932248836189,111.40106188064922,73.15411879589543,50.16816108050896,204.42137273588762,214.06956094126846,108.90821823902914,73.0,45.350112965396264,180.27350000000004,188.7819677456399
BraTS20_Training_363,gt,120.394,120.30075,0.0007745402594814677,0.6164343163948196,120394,92.0,66.0,62.0,188.232,197.11608945683798,94.00358138695881,78.44622592773412,53.62411976199138,197.71819400794163,207.05000859213027,85.0,66.0,55.71764705882353,156.288,163.66441088141386
BraTS20_Training_363,pred,115.277,115.19375,0.0007221735471950754,0.6610968123524013,115277,87.0,63.0,60.0,164.43,172.19069334325656,94.33670957358936,71.19192449888206,51.70391810564503,173.62206477759838,181.81660106879806,80.39900496896712,63.0,43.78163636923952,110.87999999999998,116.11326447667872
BraTS20_Training_360,gt,98.512,98.43504166666668,0.0007812077039682782,0.7076326376414623,98512,83.0,62.0,50.0,128.65,134.72196496144227,85.16319171494159,62.17622092680012,50.112695127918414,132.67650299092992,138.93850903342985,82.49242389456137,60.75709457157113,50.0,125.29999999999997,131.21385316493365
BraTS20_Training_360,pred,94.95700000000001,94.87495833333332,0.0008639875592813905,0.698987804340884,94957,77.0,60.0,54.0,124.74,130.6274225362636,78.37846247468444,60.39846893529089,53.54117798749195,126.73033879669161,132.71170045021063,78.44743462982075,58.70172838321815,54.0,124.33499999999997,130.20330752802894
BraTS20_Training_366,gt,46.230000000000004,46.16554166666666,0.0013942966327783147,0.633558195418241,46230,75.0,46.0,43.0,74.175,77.67587836000763,76.60512355973476,45.26229926015042,35.946412251217,62.318929449121896,65.26023031231398,77.88452991448301,43.0,36.554114188350354,61.210500000000025,64.09948570751936
BraTS20_Training_366,pred,52.870000000000005,52.809666666666665,0.0011411638610429272,0.7200456203657589,52870,74.0,48.0,47.0,83.472,87.4116739934824,75.86549199022915,48.33391277053565,40.038768665949306,73.40860138974945,76.8733076121128,76.40026177965623,47.0,39.26688116137893,70.50000000000004,73.8274273593602
BraTS20_Training_236,gt,169.918,170.171375,0.0014911604420956312,0.43823423945146733,169918,93.0,88.0,64.0,261.888,274.2484722877746,104.46683495731762,93.6811735322994,58.39339443509836,285.73568733453556,299.22171206620226,93.0,87.5956619930462,51.54364836421264,209.94749999999996,219.85650787984767
BraTS20_Training_236,pred,127.906,127.76583333333333,0.001095856853209957,0.4166508634302675,127906,92.0,87.0,59.0,236.118,247.26219139343823,103.18054554734806,82.38405364368657,49.839658678256725,211.82930476492453,221.8271292215068,92.0,87.31551981177229,40.84039134952518,164.03599999999997,171.77809750808504
BraTS20_Training_043,gt,37.429,37.339125,0.002401212963210325,0.2959723553332398,37429,76.0,65.0,55.0,135.85,142.26178733005779,73.95390012240753,63.30304042954501,50.2458302104675,117.61309612657561,123.16414625240004,76.48529270389177,55.0,53.81426748191771,113.19000000000001,118.53229081994292
BraTS20_Training_043,pred,43.361000000000004,43.284375,0.0017671409792211212,0.5681757168871294,43361,75.0,52.0,50.0,97.5,102.10176124166826,74.60622397444902,50.02287093944796,43.52084207999148,81.21027241485608,85.0431984048459,74.52516353554684,52.0,45.206207409300916,87.594,91.72822229951475
BraTS20_Training_022,gt,68.118,68.02825,0.0013175665756480683,0.590486500441875,68118,76.0,65.0,64.0,158.08,165.54098889315816,77.13653733541662,59.29031428733097,52.67617501585352,120.4559142411519,126.14113842048164,76.0,62.289646009589745,58.82197499462289,139.23199999999997,145.80340944820466
BraTS20_Training_022,pred,73.726,73.65008333333333,0.0010297136243207488,0.7084531353930915,73726,64.0,64.0,62.0,126.976,132.9689562607392,69.40285094398084,60.36325794081854,52.93791836693864,110.88858627999099,116.1222560080592,64.0,62.289646009589745,60.71635082687328,121.02399999999994,126.73603643601697
BraTS20_Training_096,gt,65.993,65.916875,0.0011535314351520684,0.5512346424930503,65993,70.0,60.0,57.0,119.7,125.34954687823274,68.82687810509672,62.19658023124918,47.96772863080491,102.6700411258403,107.51581564823393,67.1863081289633,60.0,49.68274181091702,100.13999999999999,104.86636277682726
BraTS20_Training_096,pred,68.94500000000001,68.87045833333333,0.0010811758164721967,0.6412428731413875,68945,68.0,57.0,53.0,102.714,107.56184927360732,67.03402473050083,61.5891766260025,43.2361169125563,89.25167601196095,93.46413655991762,65.92419889539804,53.0,49.814788120682735,87.026,91.13341409043511
BraTS20_Training_147,gt,139.257,139.18366666666665,0.0005266042879952311,0.6728924735719596,139257,79.0,75.0,59.0,174.7875,183.0370419797753,80.95633855145331,68.37036557453047,59.090314634179144,163.53287304215152,171.2512241898852,76.84399781375251,75.0,55.658218230215,160.38750000000002,167.95739724254437
BraTS20_Training_147,pred,126.392,126.34620833333332,0.00036229877418407285,0.6064845628464933,126392,81.0,73.0,54.0,159.651,167.186136246088,80.54054406229884,72.13826662386434,52.69123109655071,153.0694817093621,160.29398640897637,79.2464510246358,73.0,45.983131772893756,133.00599999999997,139.28355749445467
BraTS20_Training_002,gt,67.008,66.88791666666667,0.001792074578159719,0.4350630892469735,67008,89.0,60.0,54.0,144.18,150.9849429315254,92.06965715679297,62.44553793612478,53.61727423996682,154.1319501356034,161.40660074315997,85.44003745317531,54.0,45.48218980041635,104.92200000000003,109.87406146664945
BraTS20_Training_002,pred,78.93900000000001,78.860125,0.0009991892473936923,0.6809605637653189,78939,74.0,57.0,56.0,118.104,123.67821958652297,72.07656623104644,58.69256808057831,53.386485511418854,112.9219936055019,118.25163517991945,72.44308110509934,57.0,54.99489998527358,113.544,118.9029987530665
BraTS20_Training_297,gt,74.866,74.74808333333333,0.0015750362870551801,0.3208626770813718,74866,76.0,76.0,61.0,176.168,184.48269819920222,86.22126369213045,81.9785231391227,52.592848313858354,185.870800833141,194.6434474714158,76.0,75.92759709091287,55.26317387571038,159.448,166.97355514319509
BraTS20_Training_297,pred,32.982,32.909666666666666,0.0021931154367028356,0.5804451808665128,32982,65.0,49.0,42.0,66.885,70.04180821178443,67.76117636060393,48.282135343143096,43.392150883760216,70.98205825335425,74.3322375818068,65.0,50.53711507397311,32.60969680575869,53.56000000000001,56.08790084208978
BraTS20_Training_103,gt,58.208,58.158166666666666,0.0008561251603444899,0.5808801644811858,58208,94.0,67.0,58.0,182.642,191.262255145649,91.58798494976635,66.86829678696502,63.158526992563,193.40191164291915,202.53000826920567,95.03683496413377,58.0,48.12870716629186,132.64600000000007,138.90656637602396
BraTS20_Training_103,pred,56.368,56.30316666666666,0.001150179771028593,0.7804037393042975,56368,58.0,52.0,44.0,66.352,69.48365191699665,60.649400447004226,58.83327491220572,42.49189061422682,75.80984259066702,79.38788151754603,58.69412236331676,52.0,41.72479119528671,63.674,66.67925687489216
BraTS20_Training_292,gt,77.02,76.95625,0.0008277070890677599,0.5631460641300993,77020,77.0,58.0,53.0,118.349,123.93478298656615,79.17051962853624,57.50620593475263,45.963485453054346,104.63119108616567,109.56952708421595,75.16648189186454,58.0,49.0245107560214,106.86500000000002,111.90876630862442
BraTS20_Training_292,pred,77.766,77.70166666666667,0.000827268129173898,0.7815059707213611,77766,74.0,52.0,50.0,96.2,100.74040442511269,76.14039616085395,51.96886074591381,42.34480482185145,83.77770676036448,87.73180936432031,73.10950690573696,50.0,49.3232707019808,90.14999999999998,94.40485924037326
BraTS20_Training_131,gt,63.061,63.016375,0.0007076481502038259,0.5511221897892011,63061,62.0,60.0,46.0,85.56,89.5982224803809,63.96361668491348,63.0045676038353,42.05821452934479,84.7473025207869,88.7471676702853,65.19202405202648,60.0,39.57539342452432,77.40000000000002,81.05309046261668
BraTS20_Training_131,pred,70.304,70.254125,0.0007094190942193917,0.7033697042435434,70304,60.0,60.0,46.0,82.8,86.70795723907828,63.78203650369086,59.09470626868432,42.57619937860295,80.23869475265111,84.02576465618753,64.40496875241847,60.0,37.07788461445887,71.64000000000003,75.0212325677243
BraTS20_Training_051,gt,121.57000000000001,121.450625,0.0009819445586905084,0.3699141685373609,121570,90.0,85.0,60.0,229.5,240.33183799961915,96.9749368123255,79.31198888558123,58.7763743657478,226.03263262644109,236.7008193769293,85.16454661418682,85.0,53.59037512024659,193.9699999999999,203.12490900560397
BraTS20_Training_051,pred,131.624,131.52575,0.0007464444174315268,0.49333966661418227,131624,90.0,82.0,59.0,217.71,227.98537887101128,95.86294496403946,72.62105283255718,54.73864689728419,190.53614298549397,199.52898234885407,86.97700845625813,82.0,58.406239650732516,208.28000000000003,218.11030596322743
BraTS20_Training_288,gt,77.001,77.24579166666668,0.003179071267472778,0.536341066968252,77001,77.0,55.0,48.0,101.64,106.4371591036222,77.78910631131328,49.82912351742061,49.12216463164494,95.20275818578946,99.69609523932057,78.26237921249263,55.0,47.136312965695566,101.4475,106.23557357501683
BraTS20_Training_288,pred,80.815,80.7495,0.0008104931015281831,0.7331484632006782,80815,75.0,55.0,48.0,99.0,103.67255756846316,78.14725720646638,50.62700924511766,48.16512354313836,95.27933016224875,99.77628122555899,76.68767828015137,55.0,47.26965376050819,99.68749999999999,104.3925058849108
BraTS20_Training_291,gt,218.263,218.15329166666666,0.0005026428360892336,0.6031163541819512,218263,100.0,90.0,79.0,355.5,372.2787294503905,105.68058488434346,84.56888344704849,75.39893866118973,336.93105503101634,352.8333757505664,94.59386872308374,90.0,72.71084366085941,309.51000000000005,324.11811407085895
BraTS20_Training_291,pred,190.447,190.35204166666665,0.0004986076616242426,0.6395899641876983,190447,100.0,85.0,68.0,289.0,302.64009229581677,105.4071298504149,84.61915820700688,66.60578486357792,297.0439034158831,311.0636482549915,93.39164844888434,85.0,61.911317511058144,245.73499999999996,257.3330902432959
BraTS20_Training_133,gt,120.674,120.60791666666667,0.0005476186530100817,0.7583086922932301,120674,72.0,71.0,62.0,158.472,165.95149033322724,78.80314946080362,65.75919451975307,54.455015577233,141.09380668000728,147.75308884430976,72.0,67.11929677819934,53.2335732271934,128.62800000000004,134.698926615316
BraTS20_Training_133,pred,114.727,114.656125,0.0006177708821811859,0.8170622495663581,114727,70.0,68.0,59.0,140.42,147.04748013902622,79.45755195855165,65.24157646561312,52.529533248524714,136.15486797110117,142.5810443228332,68.0,66.64082832618455,54.81624541219369,124.20200000000004,130.06403025371984
BraTS20_Training_186,gt,129.841,129.68758333333332,0.0011815733602381859,0.4563401771041506,129841,128.0,67.0,60.0,257.28,269.42298597186067,127.25273768330608,75.87716041335335,56.89806030215438,274.6917838518129,287.6565633834436,123.10158406779338,67.0,53.80921821730652,221.90399999999994,232.37732540072975
BraTS20_Training_186,pred,143.805,143.67558333333335,0.0008999455280877366,0.5087427194852132,143805,123.0,69.0,60.0,254.61,266.62696851016574,122.98989318504735,76.78370476117001,57.56786196580852,271.824496145989,284.6539467193286,117.47765745025733,69.0,55.98511361860321,226.90650000000014,237.6159311505909
BraTS20_Training_231,gt,132.171,132.13091666666665,0.000303268745287108,0.643249386060173,132171,88.0,69.0,53.0,160.908,168.50246356794213,90.40110050040153,70.90039660892407,54.622780899867294,175.05164369789756,183.31365261337763,90.47098982546837,69.0,52.071940509197496,162.52950000000004,170.20049439720745
BraTS20_Training_231,pred,134.025,133.95529166666665,0.0005201144065163392,0.6832332031543211,134025,88.0,69.0,53.0,160.908,168.50246356794213,89.89217124321816,70.79404530075254,53.14387378552321,169.09930093229164,177.0803738453523,91.09335870413386,69.0,51.77106286438844,162.702,170.38113597478883
BraTS20_Training_320,gt,37.466,37.220375,0.006555944055944162,0.3580319599249549,37466,75.0,72.0,58.0,156.6,163.99113651738716,70.58286699153514,61.929688867449,59.88379407459743,130.8812715472191,137.05854706174475,72.0,71.30918594402827,48.633285516989204,124.84800000000001,130.74051987179286
BraTS20_Training_320,pred,30.582,30.529416666666666,0.0017194210101803195,0.7458089604775584,30582,45.0,43.0,42.0,40.635,42.552872492873746,51.53083331249995,43.8400568248406,32.19139820931387,36.36202982076389,38.07822858484159,48.33218389437829,43.0,32.44215083321282,33.712,35.3031238459397
BraTS20_Training_227,gt,52.898,52.688916666666664,0.003952575396675475,0.295713270976268,52898,106.0,90.0,56.0,267.12,279.72740987563515,118.06622566132364,71.31297226828174,64.37857550291737,271.02264851962366,283.81425384856607,98.08159868191383,64.10988487649419,56.0,176.064,184.37378965387776
BraTS20_Training_227,pred,32.384,32.29995833333333,0.0025951601613967154,0.5822425680864288,32384,72.0,54.0,44.0,85.536,89.57308973915217,76.0741772331994,53.77343522941744,29.103970658808365,59.528822727926986,62.33843738630151,73.08214556237385,44.0,36.397398838403745,58.519999999999996,61.28200069602489
BraTS20_Training_283,gt,46.436,46.358125,0.0016770393660091051,0.6164016705281512,46436,56.0,55.0,43.0,66.22,69.34542184023869,59.78906156027416,53.5106208158874,44.39538594774383,71.01818462280238,74.37006902742651,56.0,52.20153254455275,42.37423485818374,61.93600000000001,64.85922753091248
BraTS20_Training_283,pred,47.594,47.524208333333334,0.0014663963244666795,0.6504270639875507,47594,68.0,50.0,42.0,71.4,74.76990515543707,65.72517348392992,52.687708743929576,42.963921964448204,74.39007167645177,77.90110089291967,68.0,50.92150822589606,31.401269438182723,54.36600000000001,56.93194206835423
BraTS20_Training_080,gt,43.464,43.491958333333336,0.0006432526535371284,0.42333557892741985,43464,67.0,56.0,42.0,78.792,82.51078945388231,71.8274201788409,57.482446395994195,35.94326009914713,74.20155064304748,77.70368212838964,66.37017402418047,42.0,40.108377582830514,55.902,58.540437506992205
BraTS20_Training_080,pred,51.195,51.12441666666666,0.00137871536933956,0.6542876935170241,51195,68.0,52.0,46.0,81.328,85.16648244371689,72.52448417522874,58.5568904249976,36.526827093631745,77.56121574344236,81.22191519436383,65.92419889539804,46.0,41.13815632865152,62.376,65.31999445343898
BraTS20_Training_095,gt,103.768,103.622625,0.0014009617608511426,0.5171667090893585,103768,92.0,82.0,66.0,248.952,260.70192476549533,89.11510519860838,66.55581767812201,58.5447527080925,173.61823133403337,181.81258669608414,91.41115905621152,81.9374798146271,66.0,247.16999999999993,258.835818729263
BraTS20_Training_095,pred,105.532,105.42483333333332,0.0010154897724545305,0.5866019275427576,105532,92.0,75.0,62.0,213.9,223.99555620095225,91.2147368498797,66.4541537012554,58.180535381123036,176.3335125962328,184.65602258466942,92.39588735436226,63.83401002881911,62.0,182.83800000000002,191.46750586568353
BraTS20_Training_042,gt,75.949,75.88008333333333,0.0009074071635790665,0.4897882285120771,75949,69.0,67.0,50.0,115.575,121.02985697954678,74.65374629062298,62.041304866286545,60.34102968288299,139.73823423019493,146.33353669439674,71.16881339463234,67.0,50.893078403822,121.33700000000005,127.06380926954161
BraTS20_Training_042,pred,81.34400000000001,81.27254166666667,0.0008784708562812179,0.6326168920495584,81344,66.0,64.0,48.0,101.376,106.16069895010628,71.01301811202735,62.1995772354292,46.505242036577954,102.70635512072278,107.55384357474901,66.0,64.41273166075166,43.22126896686734,91.87199999999999,96.20813342353378
BraTS20_Training_053,gt,149.897,149.93745833333335,0.00026990755874608505,0.43071254912028223,149897,86.0,80.0,63.0,216.72,226.94865329532666,97.60929086157041,80.78318224125732,64.9068139559541,255.9012520026919,267.9791644453624,83.16850365372699,80.0,65.98651844031426,219.51999999999998,229.8808064386771
BraTS20_Training_053,pred,152.734,152.65866666666665,0.0004932322425482305,0.6061472293287287,152734,85.0,77.0,58.0,189.805,198.76333120487018,95.04893923731117,79.24240823493658,59.2904793185676,223.28518352152506,233.82369740222393,82.85529554590944,77.0,55.530548405932905,177.13850000000005,185.49900342263854
BraTS20_Training_197,gt,131.589,131.51775,0.0005414586325604119,0.6995682682783603,131589,82.0,72.0,62.0,183.024,191.66228461020606,84.32145889418081,68.10897142796816,56.52548180581209,162.3142729419662,169.9751091490832,81.58431221748455,72.0,52.951356487309695,155.52000000000004,162.86016316209486
BraTS20_Training_197,pred,128.249,128.17445833333332,0.0005812261044271348,0.7359227519456767,128249,79.0,68.0,62.0,166.532,174.39190259587178,82.35130365145491,66.78966749122357,54.99529737052223,151.24301244021942,158.3813122629943,80.2807573457052,68.0,55.23116804823225,150.756,157.87131402819423
BraTS20_Training_083,gt,73.658,73.58366666666667,0.0010091684994614062,0.507229156976381,73658,72.0,61.0,60.0,131.76,137.97874934566372,77.96768302899667,61.38291828317121,49.08301403003087,117.45280369994646,122.99628841575861,72.01388754955533,61.0,51.781678880117965,113.7345,119.10248988656942
BraTS20_Training_083,pred,81.394,81.32516666666668,0.0008456806808036269,0.6489859137871561,81394,70.0,55.0,54.0,103.95,108.85618544688631,76.18267324879648,59.95940672326323,46.05326586700229,105.18261720534332,110.14697916588464,70.80254232723568,57.32844989153193,54.0,109.59299999999999,114.76552122828872
BraTS20_Training_171,gt,146.494,146.30741666666665,0.0012736585343655407,0.47361996282181756,146494,83.0,81.0,72.0,242.028,253.45112892101014,95.83480995432352,74.40090716607591,70.53480892156838,251.46353438439425,263.33199742257904,83.21658488546619,81.0,70.5508404133678,237.77549999999997,248.9979213345466
BraTS20_Training_171,pred,113.355,113.28625,0.0006065016982048302,0.6954223854348623,113355,79.0,65.0,62.0,159.185,166.69814218723042,87.62644401348075,64.11145922133288,61.65478127487708,173.18393986039598,181.35779772838552,74.14849964766651,65.0,45.7730097861368,110.305,115.51112588474071
BraTS20_Training_028,gt,20.935,20.841458333333332,0.004468195207387956,0.5058808371486708,20935,59.0,42.0,40.0,49.56,51.89911063730337,61.847633992381176,41.09127639398595,37.33517808664071,47.4417776166953,49.680913344616876,58.9406481131655,42.0,30.53919591355725,37.79999999999999,39.58406743523138
BraTS20_Training_028,pred,25.53,25.474208333333333,0.002185337511424512,0.7197413572729672,25530,52.0,35.0,34.0,30.94,32.40029223402273,57.05140073407243,41.81013646903636,29.976285500400188,35.75161934029864,37.439008224473646,51.92301994298868,35.0,31.122997117162356,28.280000000000005,29.614746747839785
BraTS20_Training_187,gt,91.56,91.47516666666667,0.0009265326925877649,0.6788304299647379,91560,69.0,63.0,59.0,128.2365,134.2889487740225,69.42099756199809,65.078998438693,61.576016491023594,139.09557201612714,145.6605423975783,69.72087205421343,63.0,49.38262959939455,108.45450000000001,113.57328681625143
BraTS20_Training_187,pred,74.93,74.857125,0.0009725744027760637,0.547878111762897,74930,71.0,58.0,57.0,117.363,122.9022462010863,71.32154233956368,60.4890882772851,54.80795451756866,118.22555552650672,123.80551223621522,71.449282711585,57.0,41.721902402200755,84.95849999999997,88.96833315333612
BraTS20_Training_101,gt,71.751,71.69745833333333,0.0007462149191882316,0.47689356417005196,71751,78.0,59.0,56.0,128.856,134.93768765698877,79.8956164667136,62.885459936845436,56.70535629191869,142.45158361780628,149.17494952864413,72.3394774656273,56.0,43.79351511773501,88.70400000000001,92.89061158134301
BraTS20_Training_101,pred,69.212,69.13233333333334,0.0011510528039453867,0.6186310970718846,69212,73.0,54.0,52.0,102.492,107.32937141724167,78.54267197924568,54.449382094189794,52.726304061782486,112.74465484951226,118.06592646891484,66.49060083951716,54.0,36.59163805531446,65.69099999999999,68.79145433565569
BraTS20_Training_218,gt,111.312,111.28258333333333,0.0002642721958698312,0.6052524025873799,111312,86.0,67.0,63.0,181.503,190.06949713483607,87.13345976686652,72.30005821212615,54.16824676571383,170.62332039654248,178.67632329629177,85.37564055396598,67.0,55.97615395903463,160.0965,167.65266275514614
BraTS20_Training_218,pred,110.307,110.21954166666667,0.0007928629491630679,0.7089624221642156,110307,80.0,71.0,58.0,164.72,172.49438063310356,81.36360607209595,76.09129359894004,50.66258156908413,156.82759274719345,164.2294710849183,79.30952023559341,71.0,51.00270418966221,143.5975,150.37495035795342
BraTS20_Training_029,gt,62.354,62.26479166666667,0.0014306753910467939,0.4326861710201331,62354,87.0,64.0,49.0,136.416,142.85450114403505,85.91451625968352,59.55647330904361,54.57574262717978,139.62564108395364,146.21562942737128,88.88756943465155,64.0,32.23172844327004,91.67999999999998,96.00707149370405
BraTS20_Training_029,pred,69.638,69.55654166666667,0.0011697397015039245,0.5463499529482997,69638,84.0,63.0,50.0,132.3,138.54423602330988,87.69677801025216,66.33815169081237,52.54176469486884,152.83459278892485,160.04801130669128,88.23264701911646,63.0,42.50127505737786,118.12499999999997,123.70021073509808
BraTS20_Training_013,gt,46.339,46.20245833333333,0.0029465820726961335,0.3907914780793312,46339,81.0,63.0,61.0,155.6415,162.98739766456526,74.6214831746955,62.78313788205497,61.244203210511685,143.46365391062298,150.2347870609206,78.44743462982075,61.0,57.860400680005924,138.4395,144.9735053888814
BraTS20_Training_013,pred,48.012,47.9415,0.0014683829042739871,0.6244336528292965,48012,59.0,58.0,51.0,87.261,91.37950551496631,58.86370911154566,49.29233450019723,47.10615453160628,68.33995178695118,71.56543016018881,59.07622195096772,52.593072092165244,51.0,79.2285,82.96789118497965
BraTS20_Training_257,gt,82.023,81.95229166666667,0.000862054952066234,0.6398412541638387,82023,68.0,65.0,53.0,117.13,122.65824917165746,67.3544322739724,55.23571392478216,53.54366721360901,99.60113068250128,104.30206014712763,68.0,66.70832032063167,50.143669993823124,113.72999999999999,119.09777749758904
BraTS20_Training_257,pred,82.215,82.14475,0.0008544669464209874,0.7254540991033701,82215,66.0,64.0,49.0,103.488,108.3723801782335,67.23356915779031,57.25616013193152,49.85257945711988,95.95464970487211,100.4834741968694,68.15423684555495,64.0,46.54149392338005,101.50400000000002,106.29474023665946
BraTS20_Training_006,gt,139.23,139.0985,0.0009444803562449789,0.42239348398825877,139230,99.0,75.0,72.0,267.3,279.9159054348506,102.18528681808519,77.10333108683272,65.84753451993788,259.4006335630065,271.64370824602645,97.18538984847466,75.0,67.63362281355467,246.4875,258.1211064005713
BraTS20_Training_006,pred,127.812,127.70391666666667,0.0008456430799402715,0.5499781237214493,127812,94.0,76.0,60.0,214.32,224.4353791724548,101.49078997107972,71.9878383558212,56.623045563513145,206.84688972566354,216.60955639334753,88.14193099768123,76.0,43.6682059994948,146.262,153.16520823311677
BraTS20_Training_112,gt,170.359,170.26616666666666,0.0005449276723469,0.45070620170593695,170359,115.0,78.0,72.0,322.92,338.16103323240526,115.44396383176849,82.74121107502147,63.69629639654683,304.2126637521217,318.5707565242159,117.15374513859982,78.0,55.824079650742654,255.06000000000006,267.09820740820425
BraTS20_Training_112,pred,183.166,183.06691666666666,0.0005409482837062547,0.5346919399641603,183166,114.0,79.0,68.0,306.204,320.656078966603,115.81401654488178,81.5108645940094,62.80226844808927,296.429866678404,310.4206304871586,113.5649593844862,79.0,56.45227220391881,253.23449999999994,265.1865482784948
BraTS20_Training_039,gt,51.853,51.77925,0.0014222899350086586,0.5904877818225741,51853,56.0,53.0,51.0,75.684,79.25609946476331,61.208556820947436,55.54441823837124,47.01499181606621,79.92063601675618,83.69269432682168,59.033888572581766,51.0,47.53202046905723,71.553,74.93012638077015
BraTS20_Training_039,pred,59.828,59.776916666666665,0.0008538365536761721,0.6659795062893603,59828,59.0,56.0,51.0,84.252,88.22848808341574,62.768827491212974,57.09076603943923,47.00524472118225,84.22212773725501,88.19720592302049,55.71355310873648,51.0,44.15442675499091,62.730000000000025,65.69070238656258
BraTS20_Training_166,gt,222.999,222.945875,0.0002382297678464671,0.49191426800951243,222999,111.0,91.0,72.0,363.636,380.79872872692596,119.73176962692614,79.15599002087102,68.41814671044128,324.21603985652905,339.5182429964157,106.16967551989597,91.0,63.99190698032056,309.127,323.7170374087506
BraTS20_Training_166,pred,206.654,206.5875,0.0003217939164012827,0.5292733017054715,206654,113.0,87.0,67.0,329.3385,344.88247071476064,118.30154777680724,70.4218133534091,62.928580892489016,262.12930315198514,274.5011643576294,109.37092849564732,87.0,63.508649835375884,302.15099999999995,316.41178729160316
BraTS20_Training_339,gt,147.383,147.26620833333334,0.0007924364863428705,0.4528917037312946,147383,89.0,80.0,79.0,281.24,294.51383929853114,91.05361451901965,86.29599559449235,77.05776195385027,302.74308329571966,317.0318154689852,91.706052144883,79.0,71.1948649766874,257.89549999999997,270.0675360646221
BraTS20_Training_339,pred,137.03300000000002,136.94375,0.0006513029708174027,0.5959476585606259,137033,78.0,78.0,60.0,182.52,191.13449704440302,87.28989625184224,78.61918356576629,67.74335929993862,232.44983383154903,243.42089676445423,78.0,77.92945527847606,56.55114595953301,171.873,179.9849847168128
BraTS20_Training_093,gt,98.69,98.60958333333333,0.0008148410848785549,0.5076287362155564,98690,89.0,82.0,69.0,251.781,263.6644466378305,94.77768370885713,68.82488826948936,51.41889381171303,167.70435450347173,175.61958936104168,82.0,81.61494961096282,64.48573484499283,215.78299999999996,225.9674291898554
BraTS20_Training_093,pred,104.427,104.34283333333333,0.0008059856805871601,0.5917058100762481,104427,91.0,64.0,62.0,180.544,189.06523468323851,95.95693251963064,64.03476334601717,51.36556745038527,157.80990548966983,165.25814658334872,83.48652585896721,64.0,62.26154396196723,166.33600000000004,174.1866518758373
BraTS20_Training_100,gt,135.252,135.14345833333334,0.0008025143189503107,0.5065443926862645,135252,94.0,68.0,66.0,210.936,220.89166265920554,95.41332317677109,77.67478836014187,64.78367310856552,240.0626927696314,251.39306400201917,91.78235124467012,68.0,45.106711081782336,140.76000000000002,147.40352730643312
BraTS20_Training_100,pred,136.587,136.482125,0.000767825634943243,0.5626265022326307,136587,95.0,70.0,65.0,216.125,226.32557075236468,98.71926512258423,77.24277784425034,61.08343410605318,232.8912902180919,243.883188811402,92.9623579735368,70.0,45.986355049394795,149.62500000000003,156.68693359779095
BraTS20_Training_259,gt,119.31400000000001,119.31766666666667,3.0731235786751676e-05,0.6573269594448573,119314,75.0,67.0,63.0,158.2875,165.75828238503144,78.73316609125123,71.50836960600687,56.49940641859874,159.048098680708,166.55477946091224,78.79086241436883,67.0,57.671662179589575,152.22400000000002,159.4086000333509
BraTS20_Training_259,pred,127.21000000000001,127.086875,0.0009678877446741742,0.49859213245142664,127210,114.0,76.0,72.0,311.904,326.6251050084236,117.44423041981204,77.67037662383515,62.85281566473792,286.66973152196164,300.1998408519843,116.41735265844177,76.0,63.43556034697795,280.6299999999999,293.8750487923011
BraTS20_Training_113,gt,125.68,126.015625,0.002670472628898736,0.48981612834761856,125680,88.0,86.0,69.0,261.096,273.41909182722685,89.72202944977121,89.64937427057717,69.63127013621957,280.04038922877993,293.2576098365204,99.02019995940222,74.06569571670127,69.0,253.023,264.96506599641674
BraTS20_Training_113,pred,138.774,138.70204166666664,0.000518528927128684,0.7837527013991895,138774,81.0,71.0,52.0,149.526,156.58326104022245,88.39161689269245,68.9141121090378,52.71183913687099,160.54523376125775,168.12257565107444,80.0812087820857,71.0,58.79032137003891,167.134,175.02231552169215
BraTS20_Training_200,gt,44.798,44.73308333333333,0.0014490974299448353,0.6571716366040511,44798,53.0,49.0,47.0,61.0295,63.90994295075275,52.96627629912851,48.28065822248145,45.52488230090773,58.20917713616794,60.956507754164036,53.0,48.76474136094644,44.068725477154686,56.94849999999998,59.63632974431942
BraTS20_Training_200,pred,49.636,49.57833333333333,0.001161791173073367,0.7491950381538063,49636,54.0,47.0,47.0,59.643,62.45800354601867,54.11144907678084,47.5982240397778,45.07501079022484,58.04779894471665,60.7875129072597,54.0,47.16990566028302,41.445917108248665,52.78499999999998,55.276322739912395
BraTS20_Training_266,gt,53.274,53.22954166666666,0.0008345221558985316,0.7024413867107718,53274,62.0,48.0,47.0,69.936,73.23680794048526,60.56271682414271,51.36946080794701,44.64420849364163,69.44572056551736,72.72338851729297,59.90826320300064,48.0,44.35114386469007,63.767999999999994,66.77769344470464
BraTS20_Training_266,pred,52.614000000000004,52.55833333333334,0.0010580200453618276,0.8288849090723465,52614,59.0,47.0,47.0,65.1655,68.24115202250188,60.700881073396715,49.32317313683129,43.956449021284485,65.80192652273885,68.90761631863057,60.01666435249463,47.0,45.58733860866889,64.296,67.33061375173644
BraTS20_Training_271,gt,51.173,51.083,0.0017587399605261253,0.6619332339085517,51173,61.0,59.0,40.0,71.98,75.3772797351311,65.23265729551798,48.20673524240213,42.236780301844846,66.41001822276081,69.54440845779655,62.297672508690084,61.0,34.2548912995477,65.087,68.15894701473295
BraTS20_Training_271,pred,50.309,50.257,0.0010336122761334871,0.7955793491282844,50309,65.0,50.0,33.0,53.625,56.15596868291755,65.3203816881654,47.38280566547435,33.595725048883324,51.990441964208756,54.44426351054824,64.4980619863884,50.0,32.49710046237263,52.40000000000001,54.87315168270174
BraTS20_Training_107,gt,34.311,34.239333333333335,0.0020887373339939213,0.5256418546635636,34311,80.0,62.0,55.0,136.4,142.8377459832159,71.020336824593,70.54526760155926,61.27058114951582,153.48736021924125,160.73158776121952,62.0,54.70831746635972,36.41128245672854,61.75199999999999,64.66654318149229
BraTS20_Training_107,pred,38.347,38.28341666666667,0.0016581045018732566,0.6833885615837522,38347,61.0,55.0,48.0,80.52,84.32034682235005,54.5236776327106,50.04127529206109,39.13745910564261,53.39199413953115,55.91196551642011,55.0,51.66236541235796,33.02210393161586,46.91500000000002,49.12927311438841
