subject_id,n_components,frac_largest,vol_largest_ml,vol_total_ml,n_small_components,max_dist_to_lcc_mm,mean_dist_to_lcc_mm,distances_to_lcc_mm
BraTS20_Training_313,18,0.9301670985613439,166.552,179.056,17,71.26008700527947,45.65764026382061,35.28;14.18;54.60;52.71;56.95;61.07;2.45;2.45;2.83;68.78;68.43;69.99;71.26;26.57;66.64;58.77;63.23
BraTS20_Training_161,26,0.9859745617050533,43.023,43.635,25,94.37690395430441,64.50540818360409,63.44;68.51;81.15;81.33;80.26;51.20;39.70;76.72;35.86;44.70;36.25;43.68;77.30;74.46;63.73;43.86;46.28;56.36;45.83;85.45;94.27;45.88;91.94;94.38;90.10
BraTS20_Training_078,41,0.929449378330373,65.41,70.375,40,65.76473218982953,48.19778081858885,29.29;52.40;50.39;49.01;50.01;58.02;53.86;49.30;9.49;22.29;20.12;31.14;30.56;37.76;51.36;51.58;52.35;54.34;51.44;51.95;51.82;52.61;51.82;58.02;51.17;25.06;57.21;64.89;58.03;57.49;39.75;54.85;56.87;43.65;55.51;58.49;57.20;65.76;56.47;54.57
BraTS20_Training_146,25,0.6217465355151897,82.867,133.281,24,101.39526616169022,51.80523699295593,14.35;80.00;13.38;16.40;46.86;42.49;38.55;39.67;38.18;28.60;93.30;68.91;2.00;97.58;82.18;71.67;55.61;77.60;52.56;101.40;27.17;31.92;69.99;52.96
BraTS20_Training_327,23,0.987784459910955,131.564,133.191,22,146.40355186948165,65.1493649210024,50.96;53.55;66.59;64.64;40.73;63.98;68.51;34.73;54.89;56.36;52.01;49.49;58.73;61.49;60.71;63.13;65.32;82.35;83.48;78.92;76.30;146.40
BraTS20_Training_154,48,0.720358063696118,79.346,110.148,47,91.70059977993601,48.669876733254135,44.81;44.43;61.94;59.85;59.44;37.58;65.44;37.99;33.48;29.09;32.59;21.84;32.16;39.97;20.49;67.42;58.77;68.69;70.49;32.71;34.37;87.26;35.45;18.28;15.62;43.28;83.24;10.49;80.67;20.15;24.92;21.66;27.37;29.88;19.65;54.17;91.70;36.73;50.65;65.14;58.08;62.52;71.58;71.46;87.48;83.02;83.51
BraTS20_Training_038,19,0.8907845478042166,76.856,86.279,18,85.49853799919622,53.69594652127974,5.39;57.80;57.57;47.93;41.69;58.97;24.19;53.96;85.50;63.79;58.11;62.37;48.92;43.67;60.07;52.11;67.54;76.96
BraTS20_Training_169,44,0.9480623433110823,62.775,66.214,43,95.29952780575567,71.3467215682366,76.69;75.95;77.48;75.35;71.00;94.14;65.25;65.07;66.01;93.00;90.28;91.17;91.74;73.82;70.27;70.46;95.30;69.55;84.98;72.91;82.88;75.28;73.93;74.37;86.84;58.66;73.54;84.04;83.82;62.32;61.52;60.15;62.69;62.26;6.40;78.42;62.20;60.90;56.09;60.11;59.11;58.80;53.16
BraTS20_Training_285,41,0.8075856155747213,48.036,59.481,40,110.84223021935277,58.330978454033286,71.59;47.36;63.28;49.94;71.31;65.12;102.98;98.97;110.84;50.58;43.19;58.54;46.59;47.44;49.20;48.55;70.35;42.21;110.16;101.99;109.31;31.54;31.06;35.23;29.58;29.98;29.17;77.86;99.64;31.56;50.66;22.32;50.06;30.79;32.08;24.86;27.37;107.19;106.23;26.55
BraTS20_Training_058,32,0.9610907424381302,62.913000000000004,65.46000000000001,31,65.49045732013177,47.88479022399749,65.49;25.73;48.31;60.90;46.40;33.20;61.14;60.42;60.21;61.07;60.34;60.11;35.62;52.55;55.64;59.69;56.48;56.08;58.25;38.60;34.79;41.76;48.28;49.77;53.52;51.96;49.72;39.03;32.26;11.49;15.62
BraTS20_Training_106,79,0.8828898039456702,86.193,97.626,78,98.63569333664158,56.913902426179135,73.00;86.08;90.08;90.56;91.29;90.87;71.45;88.46;57.73;83.97;89.54;88.89;90.39;72.15;70.58;83.76;77.93;82.76;97.65;73.03;80.81;74.33;82.10;58.66;50.15;31.38;91.83;43.84;94.56;73.51;36.85;68.29;72.81;98.64;36.35;67.37;40.76;43.12;42.95;33.30;38.82;46.77;66.13;82.35;47.31;25.00;30.38;48.12;27.91;48.92;49.74;48.14;53.49;45.35;35.00;26.02;24.94;32.59;38.68;38.34;35.01;38.13;34.64;57.28;55.98;55.72;31.70;47.38;37.13;36.73;35.90;37.64;39.17;36.46;36.40;34.77;34.44;29.00
BraTS20_Training_363,24,0.9612980811432383,109.513,113.922,23,74.27651041883968,56.401608827470554,66.47;74.28;60.42;73.27;71.81;60.43;68.53;67.54;62.25;49.77;53.82;63.36;67.75;47.43;59.54;56.74;67.50;35.52;26.57;47.42;39.10;39.10;38.60
BraTS20_Training_360,25,0.929015053959499,81.522,87.751,24,78.26237921249263,47.704987206058526,23.22;27.95;44.42;21.21;20.52;38.29;25.34;43.02;60.08;34.67;37.20;72.12;36.89;51.25;58.42;72.52;76.19;78.26;42.72;69.33;55.55;50.75;55.34;49.66
BraTS20_Training_366,21,0.9974402401940029,51.825,51.958,20,104.82843125793688,59.79424021361988,75.26;73.63;104.83;94.02;59.44;72.14;46.69;43.67;45.34;47.53;40.46;46.88;38.91;53.38;52.01;50.72;43.92;42.50;84.20;80.36
BraTS20_Training_236,7,0.8993148054072138,72.581,80.70700000000001,6,66.27971031922213,50.20387564647748,10.63;64.85;65.58;66.28;38.59;55.29
BraTS20_Training_043,68,0.7599674189335318,54.115,71.20700000000001,67,89.07300376657341,55.274794746813775,39.13;42.34;51.02;46.88;45.53;43.29;47.05;50.85;49.74;53.14;10.77;62.80;60.97;69.21;63.32;15.75;34.07;10.25;63.40;19.67;14.70;64.31;66.24;24.68;65.73;36.81;47.59;35.69;11.00;26.04;27.09;19.54;24.78;72.97;72.68;68.72;68.37;74.26;33.36;35.69;37.11;40.25;77.34;73.18;81.27;85.89;79.69;81.64;83.82;49.04;51.72;84.41;47.05;82.10;62.47;74.11;74.55;84.86;85.29;66.56;87.52;74.69;63.76;75.25;64.70;89.07;76.64
BraTS20_Training_022,48,0.7406196017221877,84.461,114.041,47,79.25906888173743,41.13139425904723,48.75;67.89;62.82;48.36;60.96;65.22;26.42;67.10;71.81;72.50;73.12;43.37;44.55;43.29;34.07;42.76;37.67;38.18;35.48;53.47;62.59;18.14;26.44;79.26;6.16;25.24;69.71;48.80;27.22;71.87;46.10;64.97;31.92;12.73;13.96;15.56;12.81;14.46;18.63;48.67;13.38;12.21;54.08;10.49;15.75;16.88;57.37
BraTS20_Training_096,28,0.9852009010424853,75.226,76.356,27,62.49799996799898,45.83662696992414,23.28;25.00;27.89;32.14;32.00;55.94;41.10;56.38;50.73;44.56;41.39;38.21;59.90;42.58;43.14;40.42;56.03;59.62;44.59;49.65;48.70;50.73;55.47;50.85;51.93;62.50;52.85
BraTS20_Training_147,31,0.5409490064149712,84.57900000000001,156.353,30,80.56674251823763,41.017871775759495,67.97;65.76;67.45;61.22;30.41;24.62;51.07;80.57;57.52;35.69;2.24;51.32;2.00;22.18;26.08;26.93;38.72;63.25;65.88;12.73;28.91;3.00;9.00;37.63;48.44;45.80;38.33;57.98;53.11;54.72
BraTS20_Training_002,31,0.8947941802335645,87.884,98.217,30,87.78382538941898,54.30866389126118,47.05;56.34;57.78;5.83;51.98;60.31;54.08;57.57;60.24;56.74;55.15;57.91;61.79;53.85;59.16;58.73;46.41;26.48;26.65;46.77;35.75;16.88;65.09;65.92;52.46;55.43;75.95;86.21;87.78;86.95
BraTS20_Training_297,48,0.5419938291307586,25.471,46.995,47,108.46197490364999,70.03075363764839,88.46;86.93;92.04;92.08;91.18;90.22;84.98;89.48;85.28;93.67;54.89;103.62;108.46;51.20;35.41;98.21;38.01;88.59;37.76;85.64;74.17;72.19;94.37;79.84;79.97;86.84;72.86;98.35;65.82;67.45;25.51;33.44;70.38;28.79;33.97;63.51;68.43;24.04;44.55;23.19;42.17;22.93;70.01;90.32;83.17;90.55;88.48
BraTS20_Training_103,27,0.9338287082687703,53.034,56.792,26,101.15334893121434,70.82318538093597,82.82;72.21;101.15;59.95;73.99;79.53;93.03;71.87;93.40;86.65;69.92;69.11;30.38;65.34;57.65;94.72;57.97;60.34;64.45;35.75;58.94;70.55;84.11;59.87;68.71;79.00
BraTS20_Training_292,18,0.8781748922297983,73.541,83.743,17,71.36525765384722,54.72218600988721,46.18;50.70;53.57;54.42;26.93;57.17;63.90;57.20;29.97;62.68;44.12;70.26;71.37;66.40;58.09;52.67;64.66
BraTS20_Training_131,30,0.9741491444086633,77.138,79.185,29,99.46356116689167,68.02448182074384,63.36;83.02;85.62;85.42;84.50;47.77;63.85;93.17;99.46;77.42;87.34;82.61;80.12;79.73;72.08;81.79;46.69;42.93;82.27;78.78;78.57;33.48;72.53;73.07;28.65;26.80;23.56;84.79;33.30
BraTS20_Training_051,27,0.9825623357346153,144.305,146.866,26,78.21125238736431,50.34052316968661,6.00;62.52;51.79;50.14;14.21;47.46;65.18;41.89;15.30;24.76;66.22;36.46;26.94;59.16;66.73;61.47;67.30;49.49;43.78;47.54;63.89;52.77;70.01;78.21;77.87;61.76
BraTS20_Training_288,44,0.5931222984998729,55.986000000000004,94.392,43,92.02716990106781,67.36065691948436,45.40;44.51;54.46;21.98;65.47;66.80;63.77;62.27;62.85;24.92;65.04;65.58;68.19;48.04;66.47;66.40;65.88;66.58;66.29;67.22;71.46;66.31;70.46;70.55;73.78;75.05;77.43;76.22;76.22;77.11;80.36;77.63;76.90;78.26;52.27;87.98;66.70;62.50;85.76;92.03;81.52;84.79;77.11
BraTS20_Training_291,19,0.9937145365929565,178.808,179.939,18,86.3365507765975,59.27682369237281,21.49;22.05;45.63;78.75;58.35;61.04;62.30;34.31;67.81;45.62;46.04;70.58;47.90;85.29;86.34;85.02;66.56;81.91
BraTS20_Training_133,22,0.9962382610068132,113.614,114.043,21,174.6797068923577,59.73645322906391,174.68;73.72;73.25;79.66;62.25;81.20;70.36;50.97;37.79;45.59;42.78;42.00;76.69;39.67;36.59;15.39;12.04;64.38;51.34;60.88;63.25
BraTS20_Training_186,10,0.9861221790806898,116.321,117.958,9,75.32595834106593,45.76024496111294,52.48;75.33;54.27;44.49;56.12;41.79;41.98;40.01;5.39
BraTS20_Training_231,14,0.9739882011732911,118.211,121.36800000000001,13,68.09552114493287,46.6301043695948,42.85;36.12;34.01;47.42;47.34;43.51;35.24;36.73;53.11;43.46;66.85;51.44;68.10
BraTS20_Training_320,30,0.5332382470565205,38.134,71.514,29,104.88565202161828,64.87394483429517,70.80;69.07;69.61;8.19;49.04;44.18;77.16;39.75;78.95;62.20;60.47;62.65;59.29;82.01;17.49;69.33;46.75;66.83;71.71;50.22;56.20;96.38;87.66;54.74;104.89;53.26;94.94;76.13;101.46
BraTS20_Training_227,37,0.3880280967528288,41.597,107.20100000000001,36,63.7102817447859,31.704837403764966,46.91;57.71;63.71;35.17;26.93;32.82;32.02;31.80;30.15;31.02;30.15;29.58;30.43;44.92;20.10;25.36;52.20;25.96;47.69;25.98;32.08;29.43;25.50;18.25;30.87;23.11;15.68;21.38;28.81;24.12;19.03;9.95;47.18;18.68;39.13;37.59
BraTS20_Training_283,28,0.963240527527737,46.014,47.77,27,89.0,70.51559587347565,74.16;54.86;78.56;75.63;72.57;80.41;41.06;79.52;76.32;72.03;36.07;75.38;52.58;85.49;79.79;82.73;72.81;89.00;33.44;73.72;84.60;20.64;82.04;82.48;85.14;87.88;74.99
BraTS20_Training_080,19,0.9842404827960988,68.824,69.926,18,90.5704145954958,57.83026044731189,25.26;73.14;77.88;45.06;59.35;57.31;55.77;59.87;52.32;40.34;42.56;64.14;32.50;55.48;90.57;89.96;58.31;61.13
BraTS20_Training_095,36,0.8955934045127885,108.794,121.477,35,93.60555539069249,58.67931535331034,66.23;68.53;69.61;70.58;66.77;78.09;80.39;87.53;59.51;78.35;36.07;35.96;38.96;36.47;36.07;52.01;36.00;31.45;55.91;41.82;68.57;70.98;68.74;40.76;39.31;27.00;6.71;93.61;31.03;71.01;79.91;81.69;82.66;83.17;82.33
BraTS20_Training_042,22,0.9656885915475888,79.678,82.509,21,85.00588214941364,52.08212153552311,75.06;55.05;85.01;58.46;66.98;65.04;30.94;32.57;42.77;48.88;36.40;53.38;63.59;51.18;49.04;50.93;63.32;61.92;24.78;34.93;43.52
BraTS20_Training_053,25,0.9950381605890017,155.016,155.78900000000002,24,76.26270385975047,56.93726551838595,14.07;38.18;41.12;66.88;60.94;65.80;60.14;62.47;62.52;30.15;50.89;37.54;64.88;72.24;60.64;60.05;69.65;75.53;74.05;50.65;40.96;76.26;63.48;67.39
BraTS20_Training_197,45,0.9869059660182375,125.869,127.539,44,96.38983348880731,63.645799351647675,60.48;69.84;71.11;73.31;71.00;66.97;75.18;77.16;50.34;52.24;52.36;41.44;21.00;24.02;65.95;22.83;74.95;84.41;85.70;26.34;41.99;82.09;28.46;54.02;90.14;74.69;74.16;39.94;55.24;77.05;76.24;39.84;93.22;86.56;96.39;44.27;94.96;91.20;88.86;55.77;49.00;53.61;79.64;66.46
BraTS20_Training_083,32,0.9835225655460325,93.294,94.857,31,81.21576201698781,63.624078437714914,81.22;72.37;71.08;71.81;72.03;72.06;71.64;71.47;70.66;71.72;69.14;68.74;70.12;74.28;69.34;76.54;76.45;78.40;74.23;50.96;47.05;34.50;59.50;57.67;55.09;54.46;52.78;36.26;46.67;47.48;46.63
BraTS20_Training_171,28,0.9808108909310651,86.023,87.706,27,88.87631855561975,53.68429471227986,54.04;48.76;46.91;51.40;65.89;67.75;49.65;77.41;19.21;20.62;19.95;20.02;20.35;73.49;25.02;42.06;31.92;28.37;43.29;88.37;80.37;88.28;88.88;87.41;87.98;82.09;39.97
BraTS20_Training_028,68,0.938838391619165,30.47,32.455,67,93.35416434203673,71.74735857268725,86.78;90.63;89.46;87.23;87.41;81.90;70.58;49.91;52.64;85.87;69.27;72.46;91.20;76.46;62.64;62.10;86.06;85.90;85.69;83.38;79.85;84.67;81.15;75.03;51.66;84.95;85.36;76.39;22.16;49.04;29.03;39.82;87.46;58.73;76.43;75.56;50.07;73.86;73.74;72.14;60.50;69.67;70.22;66.21;66.64;80.68;76.43;93.35;79.44;68.36;64.58;74.27;73.89;72.20;69.43;80.92;68.59;66.54;77.63;72.59;74.16;68.98;66.73;44.20;72.68;64.40;79.12
BraTS20_Training_187,13,0.9868056644197105,75.538,76.548,12,74.2563128629479,44.27117878808249,18.33;9.11;61.76;73.08;30.15;74.26;31.59;33.06;33.39;49.67;50.93;65.92
BraTS20_Training_101,30,0.975698984209997,77.611,79.544,29,83.33666660000267,54.53422693278812,81.27;83.34;81.71;75.64;71.41;75.43;76.60;72.78;47.71;42.21;58.80;65.04;69.17;69.00;46.14;45.72;43.01;37.96;40.52;57.70;56.09;55.15;54.57;20.49;4.36;46.68;35.57;35.58;31.84
BraTS20_Training_218,25,0.9645820817062181,102.755,106.528,24,77.1621668954417,61.83998907313969,75.14;74.89;60.80;76.75;75.65;56.04;57.58;62.06;77.16;75.50;46.75;71.93;70.91;71.45;64.09;56.79;56.93;57.95;58.09;57.95;57.53;57.67;22.89;41.64
BraTS20_Training_029,27,0.990420323634701,88.81,89.669,26,79.68688725254614,57.774356647648496,14.73;62.39;35.69;45.46;39.23;38.38;37.18;39.19;69.03;66.74;69.50;44.45;70.67;46.66;73.59;43.06;47.39;79.59;75.00;68.71;70.35;70.24;69.49;70.24;75.48;79.69
BraTS20_Training_013,56,0.9814907024261259,57.163000000000004,58.241,55,66.0,46.896424390896655,60.08;60.84;61.33;61.25;54.35;62.32;52.74;53.54;52.56;49.59;50.10;57.50;51.38;49.99;58.54;66.00;48.10;61.35;64.72;64.67;55.02;54.06;49.62;57.43;42.63;44.88;43.39;37.55;44.19;41.05;52.12;45.67;47.17;43.42;34.73;36.03;44.56;36.15;36.46;39.33;36.89;39.61;35.96;35.59;41.79;33.53;18.92;20.10;31.72;34.60;46.24;46.27;47.38;40.41;43.89
BraTS20_Training_257,14,0.9521492567363511,85.125,89.403,13,95.22079604792222,54.82322127484167,43.19;30.08;34.41;51.09;33.91;63.08;40.27;78.80;66.76;45.62;46.00;95.22;84.27
BraTS20_Training_006,46,0.8710040407140299,119.203,136.857,45,88.6904729945669,40.86036510565632,39.82;69.80;80.85;36.24;88.69;41.74;48.20;49.82;35.28;44.40;50.25;33.24;35.04;47.39;53.74;56.59;46.01;43.94;28.98;22.38;77.84;87.81;37.18;27.86;42.50;39.82;43.98;82.47;19.67;82.43;35.00;39.57;17.92;39.10;15.43;20.71;13.34;31.67;17.66;34.71;11.58;18.55;20.22;15.56;13.75
BraTS20_Training_112,9,0.9993740200070499,164.439,164.542,8,69.16646586316233,49.048910510391565,3.00;37.67;47.35;59.01;66.31;54.49;55.40;69.17
BraTS20_Training_039,42,0.9810328463178204,63.050000000000004,64.269,41,81.6639455328972,57.50352583016682,56.95;73.43;69.36;71.04;73.78;57.94;50.77;80.31;63.00;81.66;63.60;59.35;76.24;58.56;68.10;46.30;56.20;74.90;45.18;39.77;59.28;68.06;68.60;69.79;68.72;64.88;45.40;41.48;45.35;45.09;42.52;66.92;66.31;42.30;33.53;46.28;44.74;41.11;42.20;44.82;43.83
BraTS20_Training_166,5,0.9934185199052857,188.375,189.623,4,181.84058952830085,81.56352273830609,35.24;42.26;66.91;181.84
BraTS20_Training_339,25,0.7957803323405795,85.77,107.781,24,79.95623803056269,44.140767706547116,33.90;26.02;21.77;27.68;24.37;40.62;36.36;29.68;31.02;29.70;65.80;60.17;59.97;31.11;60.38;46.04;79.96;55.87;43.69;42.17;39.41;71.20;53.24;49.25
BraTS20_Training_093,37,0.9821590755811339,109.221,111.205,36,84.91760712596653,62.701522888467466,2.24;43.38;45.40;47.86;41.23;31.30;36.40;55.26;45.78;57.31;59.42;64.33;60.01;77.21;74.53;70.61;70.73;68.77;67.98;68.16;68.98;67.86;84.92;69.09;69.84;70.09;70.63;75.39;84.23;71.81;74.09;70.10;71.31;72.95;72.73;75.31
BraTS20_Training_100,27,0.9976620317471478,113.508,113.774,26,79.23383115816122,57.20686765471003,19.42;48.19;48.77;23.49;37.74;39.15;39.92;36.07;29.55;68.75;67.77;52.92;54.07;62.88;62.51;76.54;75.61;60.55;60.61;74.91;75.55;78.21;79.23;65.31;73.99;75.64
BraTS20_Training_259,15,0.6074273997307212,98.351,161.91400000000002,14,87.87491109526086,43.226508668779616,44.02;41.44;55.52;68.27;70.77;29.83;19.65;19.21;21.12;24.72;26.48;27.87;87.87;68.40
BraTS20_Training_113,25,0.9986426923269254,139.793,139.983,24,74.76630257007497,63.2462689951092,50.65;50.83;32.91;67.02;72.35;60.71;52.81;53.45;63.21;71.01;57.23;64.17;74.63;66.96;74.77;64.39;64.54;65.67;66.16;73.82;65.79;67.08;68.63;69.12
BraTS20_Training_200,28,0.9796359555753585,59.363,60.597,27,87.89766777338293,61.77635251197934,24.43;56.96;52.19;43.58;56.69;52.70;50.39;58.43;59.09;61.64;45.79;67.67;54.06;65.75;48.36;56.62;68.93;61.34;77.10;76.79;70.70;74.49;87.90;77.88;66.04;67.90;84.51
BraTS20_Training_266,52,0.8752693553544368,62.959,71.931,51,95.79665964948882,51.54412430662537,74.81;88.48;88.74;72.84;78.22;67.87;67.68;48.27;55.67;66.76;61.48;61.16;57.44;51.47;95.80;55.87;60.07;39.81;44.15;51.79;29.72;77.73;35.14;47.81;35.50;45.34;64.53;68.04;40.22;73.61;38.64;37.64;33.15;27.51;51.20;32.09;49.93;74.32;33.65;26.93;24.70;33.48;72.24;29.77;22.91;79.18;78.80;8.31;23.17;38.41;6.71
BraTS20_Training_271,22,0.7871404399323181,55.824,70.92,21,73.9932429347437,47.515771061785436,35.74;29.17;54.56;41.24;42.77;29.90;42.00;30.15;60.45;59.35;46.77;41.58;73.99;42.76;44.60;69.29;45.25;50.91;48.06;58.90;50.40
BraTS20_Training_107,48,0.957679971489665,42.996,44.896,47,79.25906888173743,51.46197247517793,64.73;61.50;49.53;62.02;61.26;57.11;62.14;58.11;61.48;63.98;55.61;58.73;77.21;71.20;43.70;41.06;42.18;40.21;79.26;74.09;42.46;76.54;55.98;42.37;63.34;61.81;56.17;32.30;30.35;31.67;30.89;29.48;30.35;58.66;48.61;46.49;46.30;45.27;42.77;42.25;49.52;40.11;66.44;47.21;49.56;45.49;21.24
