epoch,train_loss,dice_loss_et,dice_loss_tc,dice_loss_wt,val_dice_et,val_dice_tc,val_dice_wt,val_dice_mean,epoch_seconds
1,1.035106,0.954158,0.873450,0.781667,0.011488,0.000361,0.158139,0.056663,155.228
2,1.026930,0.948750,0.852512,0.758179,0.018204,0.062160,0.199390,0.093251,174.780
3,1.011757,0.967190,0.879346,0.769139,0.035165,0.138998,0.188348,0.120837,182.271
4,1.009720,0.954772,0.858688,0.741016,0.061978,0.193258,0.223920,0.159719,183.999
5,1.006524,0.951932,0.867495,0.734472,0.050035,0.204764,0.179362,0.144721,186.179
6,1.003990,0.952660,0.843077,0.685135,0.113079,0.188741,0.324600,0.208807,182.386
7,1.001003,0.948379,0.857956,0.728033,0.074232,0.248401,0.196518,0.173050,184.280
8,0.995325,0.957056,0.863170,0.719131,0.088059,0.254280,0.256098,0.199479,184.065
9,0.995193,0.951231,0.826975,0.673935,0.086717,0.288644,0.189018,0.188126,185.418
10,0.992134,0.950221,0.830412,0.679776,0.094151,0.207106,0.220191,0.173816,181.353
11,0.990961,0.952542,0.840528,0.696972,0.123659,0.299335,0.270528,0.231174,183.389
12,0.989515,0.942708,0.800606,0.643090,0.123496,0.367313,0.256223,0.249011,261.862
13,0.985300,0.935298,0.785117,0.626965,0.118843,0.224192,0.246736,0.196590,370.216
14,0.984534,0.951690,0.843121,0.706783,0.150196,0.233886,0.293066,0.225716,386.047
15,0.980501,0.931234,0.768208,0.607103,0.212237,0.382589,0.454363,0.349730,367.852
16,0.976326,0.930341,0.782431,0.612980,0.161226,0.244451,0.349611,0.251763,361.955
17,0.979985,0.940577,0.800774,0.654465,0.200514,0.376094,0.427694,0.334767,362.494
18,0.969439,0.916145,0.745112,0.550147,0.238283,0.272261,0.360401,0.290315,362.470
19,0.969751,0.925615,0.761431,0.586278,0.216528,0.370093,0.436133,0.340918,369.063
20,0.969112,0.925318,0.756122,0.576384,0.172699,0.275754,0.293730,0.247394,367.601
