subject_id,dice_raw,dice_lcc,delta_dice,hd95_raw,hd95_lcc,n_components_raw,gt_n_components,volume_gt_ml,volume_raw_ml,volume_lcc_ml,gt_frac_outside_largest
BraTS20_Training_313,0.8853805661201477,0.9181692600250244,0.03278869390487671,40.066192626953125,5.74456262588501,18,4,171.03300000000002,179.056,166.554,4.6774599054000277e-05
BraTS20_Training_161,0.82529616355896,0.8305133581161499,0.005217194557189941,75.79544067382812,7.874007701873779,26,7,53.787,43.635,43.023,0.0010597356238496447
BraTS20_Training_078,0.6288779973983765,0.6586657166481018,0.029787719249725342,46.47364044189453,9.380831718444824,41,2,39.411,70.375,65.41,2.5373626652447356e-05
BraTS20_Training_146,0.2874785959720611,0.0,-0.2874785959720611,56.40035629272461,80.2430648803711,25,1,100.886,133.281,82.867,0.0
BraTS20_Training_327,0.8258988261222839,0.8301591277122498,0.00426030158996582,54.52338409423828,13.45362377166748,23,2,183.843,133.191,131.564,2.1757695424895473e-05
BraTS20_Training_154,0.6746379137039185,0.7944554686546326,0.11981755495071411,83.8450927734375,10.860466957092283,48,2,94.086,110.148,79.346,8.502859086367831e-05
BraTS20_Training_038,0.7657273411750793,0.7174388766288757,-0.04828846454620361,33.50819396972656,27.58622932434082,19,6,100.879,86.279,76.856,0.000198257318173245
BraTS20_Training_169,0.876298189163208,0.9017173051834106,0.025419116020202637,77.53038024902344,3.605551242828369,44,3,55.781,66.214,62.775,7.170900485831133e-05
BraTS20_Training_285,0.449985533952713,0.4819091856479645,0.031923651695251465,69.52696990966797,34.494197845458984,41,8,113.289,59.481,48.036,0.0002559824872671035
BraTS20_Training_058,0.6622917056083679,0.6731798052787781,0.010888099670410156,36.79673767089844,18.89444351196289,32,10,91.646,65.46000000000001,62.913,0.00014185016258205785
BraTS20_Training_106,0.7614632248878479,0.8061597943305969,0.04469656944274902,53.3104133605957,14.247806549072266,79,10,108.359,97.626,86.193,0.005795549977389958
BraTS20_Training_363,0.8646955490112305,0.8812780976295471,0.01658254861831665,69.84053039550781,6.082762718200684,24,3,120.394,113.922,109.513,3.3224247055541056e-05
BraTS20_Training_360,0.810982346534729,0.839041531085968,0.028059184551239014,70.86607360839844,14.177447319030762,25,2,98.512,87.751,81.522,5.0755237940514064e-05
BraTS20_Training_366,0.8777651190757751,0.8789556622505188,0.0011905431747436523,4.690415859222412,4.690415859222412,21,1,46.23,51.958,51.825,0.0
BraTS20_Training_236,0.5441436171531677,0.5436723232269287,-0.00047129392623901367,54.146095275878906,20.615528106689453,7,6,169.918,80.70700000000001,72.581,0.0001530149836980188
BraTS20_Training_043,0.5903751850128174,0.6983963847160339,0.10802119970321655,74.30443572998047,12.206555366516112,68,3,37.429,71.20700000000001,54.115,5.3434502658378236e-05
BraTS20_Training_022,0.70932537317276,0.8468400239944458,0.1375146508216858,60.77828598022461,5.916079998016357,48,5,68.118,114.041,84.461,7.340203764061304e-05
BraTS20_Training_096,0.8465250730514526,0.8532987833023071,0.006773710250854492,41.71510314941406,7.499936103820801,28,2,65.993,76.356,75.226,6.061248920341544e-05
BraTS20_Training_147,0.4313100576400757,0.0,-0.4313100576400757,67.18630981445312,95.66033172607422,31,3,139.257,156.353,84.57900000000001,3.590483781790166e-05
BraTS20_Training_002,0.7495355010032654,0.7985693216323853,0.04903382062911987,42.53234100341797,12.68857765197754,31,3,67.008,98.217,87.884,2.984718242593498e-05
BraTS20_Training_297,0.3761334717273712,0.4568205177783966,0.08068704605102539,64.91532897949219,24.819347381591797,48,27,74.866,46.995,25.471,0.0019367937381454814
BraTS20_Training_103,0.8351130485534668,0.8633249998092651,0.02821195125579834,59.84563446044922,9.165151596069336,27,5,58.208,56.792,53.034,6.871907641559094e-05
BraTS20_Training_292,0.8193551898002625,0.8748746514320374,0.0555194616317749,66.39653015136719,5.099019527435303,18,15,77.02,83.743,73.541,0.0007270838743184127
BraTS20_Training_131,0.8519044518470764,0.8643428087234497,0.012438356876373291,72.80796813964844,5.0,30,1,63.061,79.185,77.138,0.0
BraTS20_Training_051,0.8196143507957458,0.8275091648101807,0.007894814014434814,47.329689025878906,9.797959327697754,27,1,121.57,146.866,144.305,0.0
BraTS20_Training_288,0.5936765074729919,0.765127420425415,0.1714509129524231,78.12169647216797,9.899495124816896,44,6,77.001,94.392,55.986,0.0003376579524940748
BraTS20_Training_291,0.8773285746574402,0.8810449242591858,0.0037163496017456055,20.007490158081055,10.677078247070312,19,5,218.263,179.939,179.24,7.330605737110307e-05
BraTS20_Training_133,0.9136790037155152,0.9153520464897156,0.0016730427742003284,4.4721360206604,4.358899116516113,22,1,120.674,114.043,113.614,0.0
BraTS20_Training_186,0.8623682856559753,0.8555423021316528,-0.00682598352432251,8.306623458862305,16.031219482421875,10,11,129.841,117.958,116.321,0.009295985089455616
BraTS20_Training_231,0.8961461782455444,0.9074454307556152,0.0112992525100708,66.64082336425781,4.582575798034668,14,1,132.171,121.368,118.211,0.0
BraTS20_Training_320,0.5140025615692139,0.7365608215332031,0.22255825996398926,60.78445053100586,16.031219482421875,30,13,37.466,71.514,38.134,0.01510703037420591
BraTS20_Training_227,0.3641121983528137,0.5641779899597168,0.20006579160690308,59.453338623046875,30.74085235595703,37,18,52.898,107.201,41.597,0.13287836969261602
BraTS20_Training_283,0.7849394083023071,0.7998485565185547,0.014909148216247559,71.81678009033203,7.6157732009887695,28,3,46.436,47.77,46.014,0.00010767507967957002
BraTS20_Training_080,0.6943998336791992,0.7012147307395935,0.006814897060394287,59.54409408569336,11.180339813232422,19,1,43.464,69.926,68.824,0.0
BraTS20_Training_095,0.8185131549835205,0.867116391658783,0.04860323667526245,63.88032913208008,7.681145668029785,36,4,103.768,121.477,108.794,0.0007805874643435073
BraTS20_Training_042,0.8321447968482971,0.8472822904586792,0.01513749361038208,57.4090576171875,8.602325439453125,22,5,75.949,82.509,79.678,9.216711214099504e-05
BraTS20_Training_053,0.8748323321342468,0.8770501613616943,0.0022178292274475098,9.0,9.0,25,4,149.897,155.78900000000002,155.016,5.336998072014154e-05
BraTS20_Training_197,0.9133092761039734,0.9192334413528442,0.00592416524887085,78.14154052734375,4.123105525970459,45,2,131.589,127.539,125.869,7.599419404313856e-06
BraTS20_Training_083,0.8194522857666016,0.8271239399909973,0.007671654224395752,38.483760833740234,8.602325439453125,32,3,73.658,94.857,93.294,0.0001221863205626006
BraTS20_Training_171,0.6962083578109741,0.7012532353401184,0.005044877529144287,33.241519927978516,14.142135620117188,28,16,146.494,87.706,86.024,0.0006007071961992017
BraTS20_Training_028,0.7369545102119446,0.765411913394928,0.0284574031829834,88.73894500732422,6.633249759674072,68,7,20.935,32.455,30.47,0.0013374731311200927
BraTS20_Training_187,0.779094398021698,0.7838035225868225,0.004709124565124512,13.928388595581056,9.899495124816896,13,8,91.56,76.548,75.538,0.000546089995631327
BraTS20_Training_101,0.8266367316246033,0.8357547521591187,0.00911802053451538,77.83251190185547,8.485280990600586,30,3,71.751,79.544,77.611,0.00023693049574224911
BraTS20_Training_218,0.8813716769218445,0.8969061374664307,0.015534460544586182,53.46680450439453,7.0,25,10,111.312,106.528,102.755,0.0002695127210003978
BraTS20_Training_029,0.7807502746582031,0.7851869463920593,0.004436671733856201,45.130916595458984,8.306623458862305,27,1,62.354,89.669,88.81,0.0
BraTS20_Training_013,0.7483839988708496,0.756178617477417,0.007794618606567383,42.15447616577149,10.816654205322266,56,2,46.339,58.241,57.163,2.158009452080112e-05
BraTS20_Training_257,0.8836466073989868,0.9062626957893372,0.022616088390350342,59.21148681640625,4.123105525970459,14,2,82.023,89.403,85.125,1.2191702327357667e-05
BraTS20_Training_006,0.7779069542884827,0.8310471177101135,0.05314016342163086,79.82418060302734,9.273618698120115,46,2,139.23,136.857,119.203,7.182360123536569e-06
BraTS20_Training_112,0.8659036755561829,0.8657518625259399,-0.00015181303024291992,8.9442720413208,8.9442720413208,9,1,170.359,164.542,164.439,0.0
BraTS20_Training_039,0.8261139392852783,0.8348780870437622,0.008764147758483887,61.166168212890625,7.0,42,6,51.853,64.269,63.05,0.0003278498833240162
BraTS20_Training_166,0.8567696213722229,0.8593688607215881,0.0025992393493652344,8.83176040649414,8.83176040649414,5,4,222.999,189.623,188.375,5.381190050179896e-05
BraTS20_Training_339,0.6382326483726501,0.6984855532646179,0.06025290489196777,56.035701751708984,24.413110733032227,25,5,147.383,107.781,85.77,0.006730762706689375
BraTS20_Training_093,0.847195029258728,0.8552697896957397,0.008074760437011719,38.444766998291016,6.7082037925720215,37,4,98.69,111.205,109.221,0.00018238929982772323
BraTS20_Training_100,0.7990009188652039,0.7996703386306763,0.0006694197654724121,10.630146026611328,10.392304420471191,27,1,135.252,113.774,113.508,0.0
BraTS20_Training_259,0.66448575258255,0.8585302829742432,0.19404453039169312,89.99055480957031,7.549834251403809,15,3,119.314,161.91400000000002,98.351,5.028747674207246e-05
BraTS20_Training_113,0.9015105366706848,0.9021557569503784,0.0006452202796936035,13.747710227966309,13.747710227966309,25,2,125.68,139.983,139.793,7.95671546782728e-06
BraTS20_Training_200,0.8373452425003052,0.8472653031349182,0.009920060634613037,75.5992202758789,6.4031243324279785,28,10,44.798,60.597,59.363,0.0006027054779230712
BraTS20_Training_266,0.8107503652572632,0.8733320236206055,0.06258165836334229,85.84869384765625,5.916079998016357,52,2,53.274,71.931,62.959,1.877088260693327e-05
BraTS20_Training_271,0.7888839840888977,0.9001850485801697,0.11130106449127197,56.11595153808594,5.74456262588501,22,8,51.173,70.92,55.824,0.00213002950774821
BraTS20_Training_107,0.7800320386886597,0.7992031574249268,0.01917111873626709,63.78087615966797,9.69536018371582,48,4,34.311,44.896,42.996,0.005129550289994511
