subject_id,dice_whole_tumor,hd95_whole_tumor,dice_enhancing_tumor,dice_tumor_core,rank
BraTS20_Training_259,0.0,103.28237915039062,0.0,0.0,worst
BraTS20_Training_285,0.4652040004730224,35.353214263916016,0.7787236571311951,0.3237523734569549,worst
BraTS20_Training_297,0.5940768718719482,18.27566719055176,,0.7541873455047607,worst
BraTS20_Training_058,0.6551148295402527,16.492422103881836,0.583065390586853,0.3512237071990967,worst
BraTS20_Training_146,0.6772796511650085,49.71820068359375,0.0,0.0,worst
BraTS20_Training_231,0.9651309847831726,2.0,0.9403029084205629,0.9477853178977966,best
BraTS20_Training_197,0.9611989259719848,2.0,0.9014513492584229,0.933228611946106,best
BraTS20_Training_327,0.9559277892112732,3.0,0.7334598898887634,0.7364969253540039,best
BraTS20_Training_095,0.9493740797042848,2.8284270763397217,0.7231128811836243,0.7962625026702881,best
BraTS20_Training_313,0.9478041529655457,3.7416574954986577,0.1548860818147659,0.7749253511428833,best
