epoch,train_loss,dice_loss_et,dice_loss_tc,dice_loss_wt,val_dice_et,val_dice_tc,val_dice_wt,val_dice_mean,learning_rate,epoch_seconds
1,1.003818,0.944044,0.882889,0.691839,0.245215,0.131319,0.185362,0.187298,1.00000000e-04,1078.891
2,0.968916,0.907598,0.843885,0.603324,0.266311,0.211507,0.307066,0.261628,9.93248845e-05,1170.749
3,0.950361,0.880391,0.808181,0.552497,0.179695,0.175058,0.264587,0.206446,9.73179535e-05,1212.278
4,0.926681,0.840866,0.768205,0.498888,0.345506,0.282886,0.326170,0.318187,9.40339507e-05,1228.552
5,0.910728,0.814891,0.747542,0.497772,0.329846,0.345777,0.463062,0.379562,8.95624552e-05,1217.967
6,0.883958,0.768262,0.691348,0.445313,0.345815,0.380055,0.492911,0.406260,8.40254378e-05,1311.602
7,0.858843,0.722003,0.651395,0.408500,0.346616,0.407008,0.459471,0.404365,7.75739338e-05,1545.255
8,0.834801,0.676787,0.600267,0.388190,0.328122,0.457798,0.635145,0.473688,7.03839235e-05,1273.448
9,0.806696,0.639652,0.558892,0.369111,0.406603,0.496830,0.625074,0.509502,6.26515316e-05,1262.285
10,0.804355,0.649371,0.573126,0.407515,0.439459,0.571635,0.713986,0.575027,5.45876776e-05,1572.282
11,0.782767,0.620965,0.542270,0.395911,0.509132,0.616137,0.736115,0.620462,4.64123224e-05,1797.285
12,0.752691,0.585363,0.493852,0.357062,0.481277,0.633936,0.762843,0.626019,3.83484684e-05,1968.601
13,0.749201,0.594600,0.510723,0.382096,0.538865,0.692998,0.719100,0.650321,3.06160765e-05,1966.788
14,0.734973,0.579709,0.479834,0.371193,0.496846,0.665574,0.776498,0.646306,2.34260662e-05,1934.027
15,0.714730,0.568676,0.468779,0.342377,0.561595,0.730352,0.840642,0.710863,1.69745622e-05,1799.053
16,0.715506,0.560754,0.467625,0.360210,0.566174,0.720740,0.812989,0.699968,1.14375448e-05,1795.635
17,0.703088,0.543302,0.449983,0.339894,0.556316,0.727091,0.812875,0.698760,6.96604932e-06,1776.112
18,0.694711,0.538505,0.439284,0.331906,0.559138,0.710580,0.807388,0.692369,3.68204654e-06,1721.781
19,0.693171,0.530127,0.439313,0.339451,0.562924,0.720103,0.806759,0.696595,1.67511548e-06,1772.941
20,0.695960,0.544548,0.436863,0.334969,0.565310,0.729136,0.816963,0.703803,1.00000000e-06,1709.136
