source,diameter_method,formula,n,mean_bias_ml,loa_lower_ml,loa_upper_ml,median_ratio,iqr_ratio_low,iqr_ratio_high,spearman_r,spearman_p,icc_2_1,bias_ci95_low,bias_ci95_high,median_ratio_ci95_low,median_ratio_ci95_high,icc_2_1_ci95_low,icc_2_1_ci95_high
gt,aabb,abc_over_2,60,83.02364166666666,-66.07605582019647,232.1233391535298,1.6306204671153162,1.4275227590249375,2.1607041915243523,0.7703806612948043,6.165932214264309e-13,0.3225869256269546,65.94564895833334,103.85781270833333,1.5412610788733387,1.891663886275302,0.18856456778276615,0.5211678900474559
gt,aabb,pi_over_6,60,91.45797110557396,-65.72040027869986,248.63634248984778,1.7075817600942114,1.4948983375283251,2.2626841382245253,0.7703806612948043,6.165932214264309e-13,0.29933414205673525,73.31657365676189,113.16468848414573,1.6140048275507866,1.9809457893945353,0.17602733813620572,0.4819443992859463
gt,pca,abc_over_2,60,82.28482913853148,-103.1392558522704,267.7089141293334,1.6904568615433773,1.3746143155359043,2.0913597497708007,0.7878299527646571,8.107739616013454e-14,0.2812986397442706,63.3710984905569,108.10688973410305,1.5353350803626804,1.7803221074280031,0.1467319409848637,0.5396799011206531
gt,pca,pi_over_6,60,90.68428843531746,-104.37971333661721,285.7482902072521,1.77024228581171,1.439492745068986,2.1900668086311113,0.7878299527646571,8.107739616013454e-14,0.2621556642564873,70.82476657486903,117.91969180510314,1.60779913642203,1.864348951239771,0.13700835930205538,0.5003499946727137
gt,radiologist,abc_over_2,60,51.31105833333335,-21.215911449327393,123.83802811599409,1.4305629610968897,1.271919996567072,1.7777146601270704,0.8394554042789665,5.365821725665022e-17,0.5752025556043036,42.12959104166667,61.41382541666666,1.3568564529587,1.5806773502442848,0.4489223679848204,0.6803735669274539
gt,radiologist,pi_over_6,60,58.248631496789265,-19.08214351683744,135.57940651041596,1.498082029693217,1.3319515057230227,1.8616184388113597,0.8394554042789665,5.365821725665022e-17,0.5340178776833775,48.64997920464883,68.68386000258103,1.420896754863652,1.6552814504077418,0.4120385064293861,0.6384747966032943
pred,aabb,abc_over_2,60,348.50606666666664,-187.94580766750863,884.9579410008419,2.527594301487972,1.7529029792359252,3.663196346914816,0.6308974715198666,6.541570964956486e-08,0.14420152646426662,,,,,,
pred,aabb,pi_over_6,60,374.3247161554292,-191.32958486370262,939.979017174561,2.6468905629366795,1.835635707341081,3.836090244041517,0.6308974715198666,6.541570964956486e-08,0.13425358841167448,,,,,,
pred,pca,abc_over_2,60,320.8594561950611,-161.07451224496214,802.7934246350844,2.469753852305014,1.8825544111529398,3.208653986941667,0.6567379827729927,1.2116724662528384e-08,0.15928039875147576,,,,,,
pred,pca,pi_over_6,60,345.3732533706776,-163.23221643269483,853.9787231740501,2.586320186192174,1.9714063693537114,3.360094597762514,0.6567379827729927,1.2116724662528384e-08,0.14799235747031117,,,,,,
pred,radiologist,abc_over_2,60,235.28074166666661,-241.53940690956867,712.1008902429019,1.9841279522227593,1.3252218387408996,2.81019617353886,0.6207835509863852,1.2141810162046956e-07,0.21938231214454018,,,,,,
pred,radiologist,pi_over_6,60,255.7554330819903,-247.75245699563123,759.2633231596119,2.077773932828393,1.3877690643217224,2.9428305513119435,0.6207835509863852,1.2141810162046956e-07,0.20411854520894485,,,,,,
